,@_fa,link,prism:url,dc:identifier,eid,dc:title,dc:creator,prism:publicationName,prism:isbn,prism:pageRange,prism:coverDate,prism:coverDisplayDate,prism:doi,citedby-count,affiliation,prism:aggregationType,subtype,subtypeDescription,source-id,openaccess,openaccessFlag,prism:issn,prism:eIssn,prism:volume,prism:issueIdentifier,freetoread,freetoreadLabel,article-number,pii,pubmed-id
0,true,"[{'@_fa': 'true', '@ref': 'self', '@href': 'https://api.elsevier.com/content/abstract/scopus_id/85019467575'}, {'@_fa': 'true', '@ref': 'author-affiliation', '@href': 'https://api.elsevier.com/content/abstract/scopus_id/85019467575?field=author,affiliation'}, {'@_fa': 'true', '@ref': 'scopus', '@href': 'https://www.scopus.com/inward/record.uri?partnerID=HzOxMe3b&scp=85019467575&origin=inward'}, {'@_fa': 'true', '@ref': 'scopus-citedby', '@href': 'https://www.scopus.com/inward/citedby.uri?partnerID=HzOxMe3b&scp=85019467575&origin=inward'}]",https://api.elsevier.com/content/abstract/scopus_id/85019467575,SCOPUS_ID:85019467575,2-s2.0-85019467575,Reproducible load tests for android systems with trace-based benchmarks,Lochmann A.,ICPE 2017 - Companion of the 2017 ACM/SPEC International Conference on Performance Engineering,"[{'@_fa': 'true', '$': '9781450348997'}]",73-76,2017-04-18,18 April 2017,10.1145/3053600.3053615,2,"[{'@_fa': 'true', 'affilname': 'Technische Universität Dortmund', 'affiliation-city': 'Dortmund', 'affiliation-country': 'Germany'}]",Conference Proceeding,cp,Conference Paper,21100813709,0,False,,,,,,,,,
1,true,"[{'@_fa': 'true', '@ref': 'self', '@href': 'https://api.elsevier.com/content/abstract/scopus_id/84982826639'}, {'@_fa': 'true', '@ref': 'author-affiliation', '@href': 'https://api.elsevier.com/content/abstract/scopus_id/84982826639?field=author,affiliation'}, {'@_fa': 'true', '@ref': 'scopus', '@href': 'https://www.scopus.com/inward/record.uri?partnerID=HzOxMe3b&scp=84982826639&origin=inward'}, {'@_fa': 'true', '@ref': 'scopus-citedby', '@href': 'https://www.scopus.com/inward/citedby.uri?partnerID=HzOxMe3b&scp=84982826639&origin=inward'}]",https://api.elsevier.com/content/abstract/scopus_id/84982826639,SCOPUS_ID:84982826639,2-s2.0-84982826639,Interpretable domain adaptation via optimization over the Stiefel manifold,Pölitz C.,Machine Learning,,315-336,2016-09-01,1 September 2016,10.1007/s10994-016-5577-5,5,"[{'@_fa': 'true', 'affilname': 'Technische Universität Dortmund', 'affiliation-city': 'Dortmund', 'affiliation-country': 'Germany'}]",Journal,ar,Article,24775,1,True,08856125,15730565,104,2-3,"{'value': [{'$': 'all'}, {'$': 'publisherfree2read'}, {'$': 'repository'}, {'$': 'repositoryvor'}]}","{'value': [{'$': 'All Open Access'}, {'$': 'Bronze'}, {'$': 'Green'}]}",,,
2,true,"[{'@_fa': 'true', '@ref': 'self', '@href': 'https://api.elsevier.com/content/abstract/scopus_id/85049343051'}, {'@_fa': 'true', '@ref': 'author-affiliation', '@href': 'https://api.elsevier.com/content/abstract/scopus_id/85049343051?field=author,affiliation'}, {'@_fa': 'true', '@ref': 'scopus', '@href': 'https://www.scopus.com/inward/record.uri?partnerID=HzOxMe3b&scp=85049343051&origin=inward'}, {'@_fa': 'true', '@ref': 'scopus-citedby', '@href': 'https://www.scopus.com/inward/citedby.uri?partnerID=HzOxMe3b&scp=85049343051&origin=inward'}]",https://api.elsevier.com/content/abstract/scopus_id/85049343051,SCOPUS_ID:85049343051,2-s2.0-85049343051,Efficiently approximating the probability of deadline misses in real-time systems,Von Der Brüggen G.,"Leibniz International Proceedings in Informatics, LIPIcs","[{'@_fa': 'true', '$': '9783959770750'}]",,2018-06-01,1 June 2018,10.4230/LIPIcs.ECRTS.2018.6,2,"[{'@_fa': 'true', 'affilname': 'Technische Universität Dortmund', 'affiliation-city': 'Dortmund', 'affiliation-country': 'Germany'}]",Conference Proceeding,cp,Conference Paper,21100244929,0,False,18688969,,106,,,,6,,
3,true,"[{'@_fa': 'true', '@ref': 'self', '@href': 'https://api.elsevier.com/content/abstract/scopus_id/85059431265'}, {'@_fa': 'true', '@ref': 'author-affiliation', '@href': 'https://api.elsevier.com/content/abstract/scopus_id/85059431265?field=author,affiliation'}, {'@_fa': 'true', '@ref': 'scopus', '@href': 'https://www.scopus.com/inward/record.uri?partnerID=HzOxMe3b&scp=85059431265&origin=inward'}, {'@_fa': 'true', '@ref': 'scopus-citedby', '@href': 'https://www.scopus.com/inward/citedby.uri?partnerID=HzOxMe3b&scp=85059431265&origin=inward'}]",https://api.elsevier.com/content/abstract/scopus_id/85059431265,SCOPUS_ID:85059431265,2-s2.0-85059431265,Fast stochastic quadrature for approximate maximum-likelihood estimation,Piatkowski N.,"34th Conference on Uncertainty in Artificial Intelligence 2018, UAI 2018","[{'@_fa': 'true', '$': '9781510871601'}]",715-724,2018-01-01,2018,,1,"[{'@_fa': 'true', 'affilname': 'Technische Universität Dortmund', 'affiliation-city': 'Dortmund', 'affiliation-country': 'Germany'}]",Conference Proceeding,cp,Conference Paper,21100893636,0,False,,,2,,,,,,
4,,,,,,Stochastic Discrete Clenshaw-Curtis Quadra- ture,,,,,,,,,,,,,,,,,,,,,,,,
5,true,"[{'@_fa': 'true', '@ref': 'self', '@href': 'https://api.elsevier.com/content/abstract/scopus_id/84947869067'}, {'@_fa': 'true', '@ref': 'author-affiliation', '@href': 'https://api.elsevier.com/content/abstract/scopus_id/84947869067?field=author,affiliation'}, {'@_fa': 'true', '@ref': 'scopus', '@href': 'https://www.scopus.com/inward/record.uri?partnerID=HzOxMe3b&scp=84947869067&origin=inward'}, {'@_fa': 'true', '@ref': 'scopus-citedby', '@href': 'https://www.scopus.com/inward/citedby.uri?partnerID=HzOxMe3b&scp=84947869067&origin=inward'}, {'@_fa': 'true', '@ref': 'full-text', '@href': 'https://api.elsevier.com/content/article/eid/1-s2.0-S0925231215010449'}]",https://api.elsevier.com/content/abstract/scopus_id/84947869067,SCOPUS_ID:84947869067,2-s2.0-84947869067,Integer undirected graphical models for resource-constrained systems,Piatkowski N.,Neurocomputing,,9-23,2016-01-01,15 January 2016,10.1016/j.neucom.2015.01.091,15,"[{'@_fa': 'true', 'affilname': 'Technische Universität Dortmund', 'affiliation-city': 'Dortmund', 'affiliation-country': 'Germany'}]",Journal,ar,Article,24807,0,False,09252312,18728286,173,,,,,S0925231215010449,
6,,,,,,Machine Learn- ing Based Uplink Transmission Power Prediction for LTE and Upcoming 5G Net- works using Passive Downlink Indicators,,,,,,,,,,,,,,,,,,,,,,,,
7,,,,,,Decision Tree and Random Forest Implemen- tations for Fast Filtering of Sensor Data,,,,,,,,,,,,,,,,,,,,,,,,
8,true,"[{'@_fa': 'true', '@ref': 'self', '@href': 'https://api.elsevier.com/content/abstract/scopus_id/85019214349'}, {'@_fa': 'true', '@ref': 'author-affiliation', '@href': 'https://api.elsevier.com/content/abstract/scopus_id/85019214349?field=author,affiliation'}, {'@_fa': 'true', '@ref': 'scopus', '@href': 'https://www.scopus.com/inward/record.uri?partnerID=HzOxMe3b&scp=85019214349&origin=inward'}, {'@_fa': 'true', '@ref': 'scopus-citedby', '@href': 'https://www.scopus.com/inward/citedby.uri?partnerID=HzOxMe3b&scp=85019214349&origin=inward'}]",https://api.elsevier.com/content/abstract/scopus_id/85019214349,SCOPUS_ID:85019214349,2-s2.0-85019214349,The PRIMPING routine—Tiling through proximal alternating linearized minimization,Hess S.,Data Mining and Knowledge Discovery,,1090-1131,2017-07-01,1 July 2017,10.1007/s10618-017-0508-z,13,"[{'@_fa': 'true', 'affilname': 'Technische Universität Dortmund', 'affiliation-city': 'Dortmund', 'affiliation-country': 'Germany'}]",Journal,ar,Article,13579,0,False,13845810,1573756X,31,4,"{'value': [{'$': 'all'}, {'$': 'repository'}, {'$': 'repositoryam'}]}","{'value': [{'$': 'All Open Access'}, {'$': 'Green'}]}",,,
9,true,"[{'@_fa': 'true', '@ref': 'self', '@href': 'https://api.elsevier.com/content/abstract/scopus_id/85048332689'}, {'@_fa': 'true', '@ref': 'author-affiliation', '@href': 'https://api.elsevier.com/content/abstract/scopus_id/85048332689?field=author,affiliation'}, {'@_fa': 'true', '@ref': 'scopus', '@href': 'https://www.scopus.com/inward/record.uri?partnerID=HzOxMe3b&scp=85048332689&origin=inward'}, {'@_fa': 'true', '@ref': 'scopus-citedby', '@href': 'https://www.scopus.com/inward/citedby.uri?partnerID=HzOxMe3b&scp=85048332689&origin=inward'}]",https://api.elsevier.com/content/abstract/scopus_id/85048332689,SCOPUS_ID:85048332689,2-s2.0-85048332689,The trustworthy pal: Controlling the false discovery rate in boolean matrix factorization,Hess S.,"SIAM International Conference on Data Mining, SDM 2018",,405-413,2018-01-01,2018,10.1137/1.9781611975321.46,3,"[{'@_fa': 'true', 'affilname': 'Technische Universität Dortmund', 'affiliation-city': 'Dortmund', 'affiliation-country': 'Germany'}]",Conference Proceeding,cp,Conference Paper,21100863693,1,True,,,,,"{'value': [{'$': 'all'}, {'$': 'publisherfree2read'}, {'$': 'repository'}, {'$': 'repositoryam'}]}","{'value': [{'$': 'All Open Access'}, {'$': 'Bronze'}, {'$': 'Green'}]}",,,
10,true,"[{'@_fa': 'true', '@ref': 'self', '@href': 'https://api.elsevier.com/content/abstract/scopus_id/85048453529'}, {'@_fa': 'true', '@ref': 'author-affiliation', '@href': 'https://api.elsevier.com/content/abstract/scopus_id/85048453529?field=author,affiliation'}, {'@_fa': 'true', '@ref': 'scopus', '@href': 'https://www.scopus.com/inward/record.uri?partnerID=HzOxMe3b&scp=85048453529&origin=inward'}, {'@_fa': 'true', '@ref': 'scopus-citedby', '@href': 'https://www.scopus.com/inward/citedby.uri?partnerID=HzOxMe3b&scp=85048453529&origin=inward'}]",https://api.elsevier.com/content/abstract/scopus_id/85048453529,SCOPUS_ID:85048453529,2-s2.0-85048453529,Clustering high dimensional dynamic data streams,Braverman V.,"34th International Conference on Machine Learning, ICML 2017","[{'@_fa': 'true', '$': '9781510855144'}]",927-948,2017-01-01,2017,,7,"[{'@_fa': 'true', 'affilname': 'Johns Hopkins University', 'affiliation-city': 'Baltimore', 'affiliation-country': 'United States'}]",Conference Proceeding,cp,Conference Paper,21100864010,0,False,,,2,,,,,,
11,,,,,,Sketch ’Em All: Approximate Similarity Search for Dynamic Data Streams,,,,,,,,,,,,,,,,,,,,,,,,
12,true,"[{'@_fa': 'true', '@ref': 'self', '@href': 'https://api.elsevier.com/content/abstract/scopus_id/85041102349'}, {'@_fa': 'true', '@ref': 'author-affiliation', '@href': 'https://api.elsevier.com/content/abstract/scopus_id/85041102349?field=author,affiliation'}, {'@_fa': 'true', '@ref': 'scopus', '@href': 'https://www.scopus.com/inward/record.uri?partnerID=HzOxMe3b&scp=85041102349&origin=inward'}, {'@_fa': 'true', '@ref': 'scopus-citedby', '@href': 'https://www.scopus.com/inward/citedby.uri?partnerID=HzOxMe3b&scp=85041102349&origin=inward'}]",https://api.elsevier.com/content/abstract/scopus_id/85041102349,SCOPUS_ID:85041102349,2-s2.0-85041102349,On the local structure of stable clustering instances,Cohen-Addad V.,Annual Symposium on Foundations of Computer Science - Proceedings,"[{'@_fa': 'true', '$': '9781538634646'}]",49-60,2017-11-10,10 November 2017,10.1109/FOCS.2017.14,22,"[{'@_fa': 'true', 'affilname': 'Københavns Universitet', 'affiliation-city': 'Copenhagen', 'affiliation-country': 'Denmark'}]",Conference Proceeding,cp,Conference Paper,22882,0,False,02725428,,2017-October,,"{'value': [{'$': 'all'}, {'$': 'repository'}, {'$': 'repositoryam'}]}","{'value': [{'$': 'All Open Access'}, {'$': 'Green'}]}",8104046,,
13,true,"[{'@_fa': 'true', '@ref': 'self', '@href': 'https://api.elsevier.com/content/abstract/scopus_id/85027249428'}, {'@_fa': 'true', '@ref': 'author-affiliation', '@href': 'https://api.elsevier.com/content/abstract/scopus_id/85027249428?field=author,affiliation'}, {'@_fa': 'true', '@ref': 'scopus', '@href': 'https://www.scopus.com/inward/record.uri?partnerID=HzOxMe3b&scp=85027249428&origin=inward'}, {'@_fa': 'true', '@ref': 'scopus-citedby', '@href': 'https://www.scopus.com/inward/citedby.uri?partnerID=HzOxMe3b&scp=85027249428&origin=inward'}]",https://api.elsevier.com/content/abstract/scopus_id/85027249428,SCOPUS_ID:85027249428,2-s2.0-85027249428,Distributed monitoring of network properties: The power of hybrid networks,Gmyr R.,"Leibniz International Proceedings in Informatics, LIPIcs","[{'@_fa': 'true', '$': '9783959770415'}]",,2017-07-01,1 July 2017,10.4230/LIPIcs.ICALP.2017.137,13,"[{'@_fa': 'true', 'affilname': 'Universität Paderborn', 'affiliation-city': 'Paderborn', 'affiliation-country': 'Germany'}]",Conference Proceeding,cp,Conference Paper,21100244929,0,False,18688969,,80,,,,137,,
14,,,,,,Energy Eﬃciency in Main-Memory Da- tabases,,,,,,,,,,,,,,,,,,,,,,,,
15,true,"[{'@_fa': 'true', '@ref': 'self', '@href': 'https://api.elsevier.com/content/abstract/scopus_id/85057105342'}, {'@_fa': 'true', '@ref': 'author-affiliation', '@href': 'https://api.elsevier.com/content/abstract/scopus_id/85057105342?field=author,affiliation'}, {'@_fa': 'true', '@ref': 'scopus', '@href': 'https://www.scopus.com/inward/record.uri?partnerID=HzOxMe3b&scp=85057105342&origin=inward'}, {'@_fa': 'true', '@ref': 'scopus-citedby', '@href': 'https://www.scopus.com/inward/citedby.uri?partnerID=HzOxMe3b&scp=85057105342&origin=inward'}]",https://api.elsevier.com/content/abstract/scopus_id/85057105342,SCOPUS_ID:85057105342,2-s2.0-85057105342,Accelerating concurrent workloads with cpu cache partitioning,Noll S.,"Proceedings - IEEE 34th International Conference on Data Engineering, ICDE 2018","[{'@_fa': 'true', '$': '9781538655207'}]",437-448,2018-10-24,24 October 2018,10.1109/ICDE.2018.00047,6,"[{'@_fa': 'true', 'affilname': 'Technische Universität Dortmund', 'affiliation-city': 'Dortmund', 'affiliation-country': 'Germany'}]",Conference Proceeding,cp,Conference Paper,21100887489,0,False,,,,,,,8509268,,
16,true,"[{'@_fa': 'true', '@ref': 'self', '@href': 'https://api.elsevier.com/content/abstract/scopus_id/84963679856'}, {'@_fa': 'true', '@ref': 'author-affiliation', '@href': 'https://api.elsevier.com/content/abstract/scopus_id/84963679856?field=author,affiliation'}, {'@_fa': 'true', '@ref': 'scopus', '@href': 'https://www.scopus.com/inward/record.uri?partnerID=HzOxMe3b&scp=84963679856&origin=inward'}, {'@_fa': 'true', '@ref': 'scopus-citedby', '@href': 'https://www.scopus.com/inward/citedby.uri?partnerID=HzOxMe3b&scp=84963679856&origin=inward'}]",https://api.elsevier.com/content/abstract/scopus_id/84963679856,SCOPUS_ID:84963679856,2-s2.0-84963679856,Clustering time series under the Fréchet distance,Driemel A.,Proceedings of the Annual ACM-SIAM Symposium on Discrete Algorithms,"[{'@_fa': 'true', '$': '9781510819672'}]",766-785,2016-01-01,2016,10.1137/1.9781611974331.ch55,25,"[{'@_fa': 'true', 'affilname': 'Technische Universiteit Eindhoven', 'affiliation-city': 'Eindhoven', 'affiliation-country': 'Netherlands'}]",Conference Proceeding,cp,Conference Paper,110527,0,False,,,2,,"{'value': [{'$': 'all'}, {'$': 'repository'}, {'$': 'repositoryam'}]}","{'value': [{'$': 'All Open Access'}, {'$': 'Green'}]}",,,
17,true,"[{'@_fa': 'true', '@ref': 'self', '@href': 'https://api.elsevier.com/content/abstract/scopus_id/85068083848'}, {'@_fa': 'true', '@ref': 'author-affiliation', '@href': 'https://api.elsevier.com/content/abstract/scopus_id/85068083848?field=author,affiliation'}, {'@_fa': 'true', '@ref': 'scopus', '@href': 'https://www.scopus.com/inward/record.uri?partnerID=HzOxMe3b&scp=85068083848&origin=inward'}, {'@_fa': 'true', '@ref': 'scopus-citedby', '@href': 'https://www.scopus.com/inward/citedby.uri?partnerID=HzOxMe3b&scp=85068083848&origin=inward'}]",https://api.elsevier.com/content/abstract/scopus_id/85068083848,SCOPUS_ID:85068083848,2-s2.0-85068083848,Coresets-Methods and History: A Theoreticians Design Pattern for Approximation and Streaming Algorithms,Munteanu A.,KI - Kunstliche Intelligenz,,37-53,2018-02-01,1 February 2018,10.1007/s13218-017-0519-3,16,"[{'@_fa': 'true', 'affilname': 'Technische Universität Dortmund', 'affiliation-city': 'Dortmund', 'affiliation-country': 'Germany'}]",Journal,ar,Article,21101017166,1,True,09331875,16101987,32,1,"{'value': [{'$': 'all'}, {'$': 'publisherhybridgold'}, {'$': 'repository'}, {'$': 'repositoryvor'}]}","{'value': [{'$': 'All Open Access'}, {'$': 'Hybrid Gold'}, {'$': 'Green'}]}",,,
18,,,,,,Pipelined Query Pro- cessing on Coprocessor Environments,,,,,,,,,,,,,,,,,,,,,,,,
19,true,"[{'@_fa': 'true', '@ref': 'self', '@href': 'https://api.elsevier.com/content/abstract/scopus_id/84995400210'}, {'@_fa': 'true', '@ref': 'author-affiliation', '@href': 'https://api.elsevier.com/content/abstract/scopus_id/84995400210?field=author,affiliation'}, {'@_fa': 'true', '@ref': 'scopus', '@href': 'https://www.scopus.com/inward/record.uri?partnerID=HzOxMe3b&scp=84995400210&origin=inward'}, {'@_fa': 'true', '@ref': 'scopus-citedby', '@href': 'https://www.scopus.com/inward/citedby.uri?partnerID=HzOxMe3b&scp=84995400210&origin=inward'}]",https://api.elsevier.com/content/abstract/scopus_id/84995400210,SCOPUS_ID:84995400210,2-s2.0-84995400210,Mlr: Machine learning in R,Bischl B.,Journal of Machine Learning Research,,,2016-09-01,1 September 2016,,354,"[{'@_fa': 'true', 'affilname': 'Ludwig-Maximilians-Universität München', 'affiliation-city': 'Munich', 'affiliation-country': 'Germany'}]",Journal,ar,Article,20969,0,False,15324435,15337928,17,,,,,,
20,,,,,,mmapcopy: Eﬃcient Memory Foot- print Reduction using Application-Knowledge,,,,,,,,,,,,,,,,,,,,,,,,
21,,,,,,A multi-criteria approach to ﬁnd predictive and sparse models with stable feature selection for high-dimensional data,,,,,,,,,,,,,,,,,,,,,,,,
22,,,,,,RAMBO: Resource-Aware Model-Based Opti- mization with Scheduling for Heterogeneous Runtimes and a Comparison with Asynchronous Model-Based Optimization,,,,,,,,,,,,,,,,,,,,,,,,
23,,,,,,Faster Model-Based Optimization through Resource-Aware Schedul- ing Strategies,,,,,,,,,,,,,,,,,,,,,,,,
24,true,"[{'@_fa': 'true', '@ref': 'self', '@href': 'https://api.elsevier.com/content/abstract/scopus_id/85018162847'}, {'@_fa': 'true', '@ref': 'author-affiliation', '@href': 'https://api.elsevier.com/content/abstract/scopus_id/85018162847?field=author,affiliation'}, {'@_fa': 'true', '@ref': 'scopus', '@href': 'https://www.scopus.com/inward/record.uri?partnerID=HzOxMe3b&scp=85018162847&origin=inward'}, {'@_fa': 'true', '@ref': 'scopus-citedby', '@href': 'https://www.scopus.com/inward/citedby.uri?partnerID=HzOxMe3b&scp=85018162847&origin=inward'}]",https://api.elsevier.com/content/abstract/scopus_id/85018162847,SCOPUS_ID:85018162847,2-s2.0-85018162847,Quality evaluation strategies for approximate computing in embedded systems,Neugebauer O.,IFIP Advances in Information and Communication Technology,"[{'@_fa': 'true', '$': '9783319560762'}]",203-210,2017-01-01,2017,10.1007/978-3-319-56077-9_19,0,"[{'@_fa': 'true', 'affilname': 'Technische Universität Dortmund', 'affiliation-city': 'Dortmund', 'affiliation-country': 'Germany'}]",Book Series,cp,Conference Paper,19400157163,0,False,18684238,,499,,,,,,
25,true,"[{'@_fa': 'true', '@ref': 'self', '@href': 'https://api.elsevier.com/content/abstract/scopus_id/84977098176'}, {'@_fa': 'true', '@ref': 'author-affiliation', '@href': 'https://api.elsevier.com/content/abstract/scopus_id/84977098176?field=author,affiliation'}, {'@_fa': 'true', '@ref': 'scopus', '@href': 'https://www.scopus.com/inward/record.uri?partnerID=HzOxMe3b&scp=84977098176&origin=inward'}, {'@_fa': 'true', '@ref': 'scopus-citedby', '@href': 'https://www.scopus.com/inward/citedby.uri?partnerID=HzOxMe3b&scp=84977098176&origin=inward'}]",https://api.elsevier.com/content/abstract/scopus_id/84977098176,SCOPUS_ID:84977098176,2-s2.0-84977098176,MIRROR: Symmetric timing analysis for real-time tasks on multicore platforms with shared resources,Huang W.,Proceedings - Design Automation Conference,"[{'@_fa': 'true', '$': '9781450342360'}]",,2016-06-05,5 June 2016,10.1145/2897937.2898046,24,"[{'@_fa': 'true', 'affilname': 'Technische Universität Dortmund', 'affiliation-city': 'Dortmund', 'affiliation-country': 'Germany'}]",Conference Proceeding,cp,Conference Paper,110497,1,True,0738100X,,05-09-June-2016,,"{'value': [{'$': 'all'}, {'$': 'publisherfree2read'}]}","{'value': [{'$': 'All Open Access'}, {'$': 'Bronze'}]}",a158,,
26,true,"[{'@_fa': 'true', '@ref': 'self', '@href': 'https://api.elsevier.com/content/abstract/scopus_id/85011663069'}, {'@_fa': 'true', '@ref': 'author-affiliation', '@href': 'https://api.elsevier.com/content/abstract/scopus_id/85011663069?field=author,affiliation'}, {'@_fa': 'true', '@ref': 'scopus', '@href': 'https://www.scopus.com/inward/record.uri?partnerID=HzOxMe3b&scp=85011663069&origin=inward'}, {'@_fa': 'true', '@ref': 'scopus-citedby', '@href': 'https://www.scopus.com/inward/citedby.uri?partnerID=HzOxMe3b&scp=85011663069&origin=inward'}]",https://api.elsevier.com/content/abstract/scopus_id/85011663069,SCOPUS_ID:85011663069,2-s2.0-85011663069,Resource-Oriented Partitioned Scheduling in Multiprocessor Systems: How to Partition and How to Share?,Huang W.H.,Proceedings - Real-Time Systems Symposium,"[{'@_fa': 'true', '$': '9781509053025'}]",111-122,2016-07-02,2 July 2016,10.1109/RTSS.2016.020,30,"[{'@_fa': 'true', 'affilname': 'Technische Universität Dortmund', 'affiliation-city': 'Dortmund', 'affiliation-country': 'Germany'}]",Conference Proceeding,cp,Conference Paper,85329,0,False,10528725,,0,,,,7809848,,
27,,,,,,Methods for Eﬃcient Resource Utilization in Statistical Machine Learning Algorithms,,,,,,,,,,,,,,,,,,,,,,,,
28,,,,,,Lightweight joint simulation of vehicular mobility and communica- tion with LIMoSim,,,,,,,,,,,,,,,,,,,,,,,,
29,,,,,,PhyNetLab: Architecture design of ultra-low power Wire- less Sensor Network testbed,,,,,,,,,,,,,,,,,,,,,,,,
30,,,,,,Scalable and Precise Multi-UAV Indoor Nav- igation using TDOA-based UWB Localization,,,,,,,,,,,,,,,,,,,,,,,,
31,true,"[{'@_fa': 'true', '@ref': 'self', '@href': 'https://api.elsevier.com/content/abstract/scopus_id/85051268346'}, {'@_fa': 'true', '@ref': 'author-affiliation', '@href': 'https://api.elsevier.com/content/abstract/scopus_id/85051268346?field=author,affiliation'}, {'@_fa': 'true', '@ref': 'scopus', '@href': 'https://www.scopus.com/inward/record.uri?partnerID=HzOxMe3b&scp=85051268346&origin=inward'}, {'@_fa': 'true', '@ref': 'scopus-citedby', '@href': 'https://www.scopus.com/inward/citedby.uri?partnerID=HzOxMe3b&scp=85051268346&origin=inward'}, {'@_fa': 'true', '@ref': 'full-text', '@href': 'https://api.elsevier.com/content/article/eid/1-s2.0-S1877050918305167'}]",https://api.elsevier.com/content/abstract/scopus_id/85051268346,SCOPUS_ID:85051268346,2-s2.0-85051268346,Energy Models in the Loop,Buschhoff M.,Procedia Computer Science,,1063-1068,2018-01-01,2018,10.1016/j.procs.2018.04.154,4,"[{'@_fa': 'true', 'affilname': 'Technische Universität Dortmund', 'affiliation-city': 'Dortmund', 'affiliation-country': 'Germany'}]",Conference Proceeding,cp,Conference Paper,19700182801,1,True,,18770509,130,,"{'value': [{'$': 'all'}, {'$': 'publisherfullgold'}]}","{'value': [{'$': 'All Open Access'}, {'$': 'Gold'}]}",,S1877050918305167,
32,true,"[{'@_fa': 'true', '@ref': 'self', '@href': 'https://api.elsevier.com/content/abstract/scopus_id/85075782993'}, {'@_fa': 'true', '@ref': 'author-affiliation', '@href': 'https://api.elsevier.com/content/abstract/scopus_id/85075782993?field=author,affiliation'}, {'@_fa': 'true', '@ref': 'scopus', '@href': 'https://www.scopus.com/inward/record.uri?partnerID=HzOxMe3b&scp=85075782993&origin=inward'}, {'@_fa': 'true', '@ref': 'scopus-citedby', '@href': 'https://www.scopus.com/inward/citedby.uri?partnerID=HzOxMe3b&scp=85075782993&origin=inward'}]",https://api.elsevier.com/content/abstract/scopus_id/85075782993,SCOPUS_ID:85075782993,2-s2.0-85075782993,Energy-aware device drivers for embedded operating systems,Buschhoff M.,ACM SIGBED Review,,8-13,2019-10-01,October 2019,10.1145/3373400.3373401,1,"[{'@_fa': 'true', 'affilname': 'Technische Universität Dortmund', 'affiliation-city': 'Dortmund', 'affiliation-country': 'Germany'}]",Journal,ar,Article,21100900336,0,False,,15513688,16,3,,,,,
33,,,,,,A Gray Box Modeling of a Photovoltaic Cell under Low Illumination in Materials Han- dling Application,,,,,,,,,,,,,,,,,,,,,,,,
34,,,,,,A Measurement Platform for Photovoltaic Performance Anal- ysis in Environments with Ultra-Low Energy Harvesting Potential,,,,,,,,,,,,,,,,,,,,,,,,
35,,,,,,Average Mod- elling of State-of-the-Art Ultra-low Power Energy Harvesting Converter IC,,,,,,,,,,,,,,,,,,,,,,,,
36,true,"[{'@_fa': 'true', '@ref': 'self', '@href': 'https://api.elsevier.com/content/abstract/scopus_id/85040536218'}, {'@_fa': 'true', '@ref': 'author-affiliation', '@href': 'https://api.elsevier.com/content/abstract/scopus_id/85040536218?field=author,affiliation'}, {'@_fa': 'true', '@ref': 'scopus', '@href': 'https://www.scopus.com/inward/record.uri?partnerID=HzOxMe3b&scp=85040536218&origin=inward'}, {'@_fa': 'true', '@ref': 'scopus-citedby', '@href': 'https://www.scopus.com/inward/citedby.uri?partnerID=HzOxMe3b&scp=85040536218&origin=inward'}]",https://api.elsevier.com/content/abstract/scopus_id/85040536218,SCOPUS_ID:85040536218,2-s2.0-85040536218,Rushing Full Speed with LTE-Advanced Is Economical - A Power Consumption Analysis,Falkenberg R.,IEEE Vehicular Technology Conference,"[{'@_fa': 'true', '$': '9781509059324'}]",,2017-11-14,14 November 2017,10.1109/VTCSpring.2017.8108515,7,"[{'@_fa': 'true', 'affilname': 'Technische Universität Dortmund', 'affiliation-city': 'Dortmund', 'affiliation-country': 'Germany'}]",Conference Proceeding,cp,Conference Paper,23922,0,False,15502252,,2017-June,,"{'value': [{'$': 'all'}, {'$': 'repository'}, {'$': 'repositoryam'}]}","{'value': [{'$': 'All Open Access'}, {'$': 'Green'}]}",8108515,,
37,true,"[{'@_fa': 'true', '@ref': 'self', '@href': 'https://api.elsevier.com/content/abstract/scopus_id/85046428590'}, {'@_fa': 'true', '@ref': 'author-affiliation', '@href': 'https://api.elsevier.com/content/abstract/scopus_id/85046428590?field=author,affiliation'}, {'@_fa': 'true', '@ref': 'scopus', '@href': 'https://www.scopus.com/inward/record.uri?partnerID=HzOxMe3b&scp=85046428590&origin=inward'}, {'@_fa': 'true', '@ref': 'scopus-citedby', '@href': 'https://www.scopus.com/inward/citedby.uri?partnerID=HzOxMe3b&scp=85046428590&origin=inward'}]",https://api.elsevier.com/content/abstract/scopus_id/85046428590,SCOPUS_ID:85046428590,2-s2.0-85046428590,Discover your competition in LTE: Client-based passive data rate prediction by machine learning,Falkenberg R.,"2017 IEEE Global Communications Conference, GLOBECOM 2017 - Proceedings","[{'@_fa': 'true', '$': '9781509050192'}]",1-7,2017-07-01,1 July 2017,10.1109/GLOCOM.2017.8254567,16,"[{'@_fa': 'true', 'affilname': 'Technische Universität Dortmund', 'affiliation-city': 'Dortmund', 'affiliation-country': 'Germany'}]",Conference Proceeding,cp,Conference Paper,21100933058,0,False,,,2018-January,,"{'value': [{'$': 'all'}, {'$': 'repository'}, {'$': 'repositoryam'}]}","{'value': [{'$': 'All Open Access'}, {'$': 'Green'}]}",,,
38,true,"[{'@_fa': 'true', '@ref': 'self', '@href': 'https://api.elsevier.com/content/abstract/scopus_id/85039905482'}, {'@_fa': 'true', '@ref': 'author-affiliation', '@href': 'https://api.elsevier.com/content/abstract/scopus_id/85039905482?field=author,affiliation'}, {'@_fa': 'true', '@ref': 'scopus', '@href': 'https://www.scopus.com/inward/record.uri?partnerID=HzOxMe3b&scp=85039905482&origin=inward'}, {'@_fa': 'true', '@ref': 'scopus-citedby', '@href': 'https://www.scopus.com/inward/citedby.uri?partnerID=HzOxMe3b&scp=85039905482&origin=inward'}]",https://api.elsevier.com/content/abstract/scopus_id/85039905482,SCOPUS_ID:85039905482,2-s2.0-85039905482,PhyNetLab: An IoT-based warehouse testbed,Falkenberg R.,"Proceedings of the 2017 Federated Conference on Computer Science and Information Systems, FedCSIS 2017","[{'@_fa': 'true', '$': '9788394625375'}]",1051-1055,2017-11-10,10 November 2017,10.15439/2017F267,16,"[{'@_fa': 'true', 'affilname': 'Communication Networks Institute', 'affiliation-city': 'Dortmund', 'affiliation-country': 'Germany'}]",Conference Proceeding,cp,Conference Paper,21100844804,1,True,,,,,"{'value': [{'$': 'all'}, {'$': 'publisherfree2read'}, {'$': 'repository'}, {'$': 'repositoryam'}]}","{'value': [{'$': 'All Open Access'}, {'$': 'Bronze'}, {'$': 'Green'}]}",8104682,,
39,,,,,,Parameterizing the Distance Dis- tribution of Undirected Networks,,,,,,,,,,,,,,,,,,,,,,,,
40,true,"[{'@_fa': 'true', '@ref': 'self', '@href': 'https://api.elsevier.com/content/abstract/scopus_id/85051470805'}, {'@_fa': 'true', '@ref': 'author-affiliation', '@href': 'https://api.elsevier.com/content/abstract/scopus_id/85051470805?field=author,affiliation'}, {'@_fa': 'true', '@ref': 'scopus', '@href': 'https://www.scopus.com/inward/record.uri?partnerID=HzOxMe3b&scp=85051470805&origin=inward'}, {'@_fa': 'true', '@ref': 'scopus-citedby', '@href': 'https://www.scopus.com/inward/citedby.uri?partnerID=HzOxMe3b&scp=85051470805&origin=inward'}]",https://api.elsevier.com/content/abstract/scopus_id/85051470805,SCOPUS_ID:85051470805,2-s2.0-85051470805,Approximating the spectrum of a graph,Cohen-Steiner D.,Proceedings of the ACM SIGKDD International Conference on Knowledge Discovery and Data Mining,"[{'@_fa': 'true', '$': '9781450355520'}]",1263-1271,2018-07-19,19 July 2018,10.1145/3219819.3220119,14,"[{'@_fa': 'true', 'affilname': 'Centre Inria Sophia Antipolis - Méditerranée', 'affiliation-city': 'Sophia Antipolis', 'affiliation-country': 'France'}]",Conference Proceeding,cp,Conference Paper,21100872702,1,True,,,,,"{'value': [{'$': 'all'}, {'$': 'publisherfree2read'}, {'$': 'repository'}, {'$': 'repositoryam'}]}","{'value': [{'$': 'All Open Access'}, {'$': 'Bronze'}, {'$': 'Green'}]}",,,
41,,,,,,Propagation Ker- nels: Eﬃcient Graph Kernels from Propagated Information,,,,,,,,,,,,,,,,,,,,,,,,
42,true,"[{'@_fa': 'true', '@ref': 'self', '@href': 'https://api.elsevier.com/content/abstract/scopus_id/85030473949'}, {'@_fa': 'true', '@ref': 'author-affiliation', '@href': 'https://api.elsevier.com/content/abstract/scopus_id/85030473949?field=author,affiliation'}, {'@_fa': 'true', '@ref': 'scopus', '@href': 'https://www.scopus.com/inward/record.uri?partnerID=HzOxMe3b&scp=85030473949&origin=inward'}, {'@_fa': 'true', '@ref': 'scopus-citedby', '@href': 'https://www.scopus.com/inward/citedby.uri?partnerID=HzOxMe3b&scp=85030473949&origin=inward'}]",https://api.elsevier.com/content/abstract/scopus_id/85030473949,SCOPUS_ID:85030473949,2-s2.0-85030473949,Poisson sum-product networks: A deep architecture for tractable multivariate poisson distributions,Molina A.,"31st AAAI Conference on Artificial Intelligence, AAAI 2017",,2357-2363,2017-01-01,2017,,16,"[{'@_fa': 'true', 'affilname': 'Technische Universität Dortmund', 'affiliation-city': 'Dortmund', 'affiliation-country': 'Germany'}]",Conference Proceeding,cp,Conference Paper,21100832747,0,False,,,,,,,,,
43,true,"[{'@_fa': 'true', '@ref': 'self', '@href': 'https://api.elsevier.com/content/abstract/scopus_id/85043987503'}, {'@_fa': 'true', '@ref': 'author-affiliation', '@href': 'https://api.elsevier.com/content/abstract/scopus_id/85043987503?field=author,affiliation'}, {'@_fa': 'true', '@ref': 'scopus', '@href': 'https://www.scopus.com/inward/record.uri?partnerID=HzOxMe3b&scp=85043987503&origin=inward'}, {'@_fa': 'true', '@ref': 'scopus-citedby', '@href': 'https://www.scopus.com/inward/citedby.uri?partnerID=HzOxMe3b&scp=85043987503&origin=inward'}]",https://api.elsevier.com/content/abstract/scopus_id/85043987503,SCOPUS_ID:85043987503,2-s2.0-85043987503,Glocalized weisfeiler-lehman graph kernels: Global-local feature maps of graphs,Morris C.,"Proceedings - IEEE International Conference on Data Mining, ICDM","[{'@_fa': 'true', '$': '9781538638347'}]",327-336,2017-12-15,15 December 2017,10.1109/ICDM.2017.42,36,"[{'@_fa': 'true', 'affilname': 'Technische Universität Dortmund', 'affiliation-city': 'Dortmund', 'affiliation-country': 'Germany'}]",Conference Proceeding,cp,Conference Paper,7600153125,0,False,15504786,,2017-November,,,,,,
44,true,"[{'@_fa': 'true', '@ref': 'self', '@href': 'https://api.elsevier.com/content/abstract/scopus_id/85014516086'}, {'@_fa': 'true', '@ref': 'author-affiliation', '@href': 'https://api.elsevier.com/content/abstract/scopus_id/85014516086?field=author,affiliation'}, {'@_fa': 'true', '@ref': 'scopus', '@href': 'https://www.scopus.com/inward/record.uri?partnerID=HzOxMe3b&scp=85014516086&origin=inward'}, {'@_fa': 'true', '@ref': 'scopus-citedby', '@href': 'https://www.scopus.com/inward/citedby.uri?partnerID=HzOxMe3b&scp=85014516086&origin=inward'}]",https://api.elsevier.com/content/abstract/scopus_id/85014516086,SCOPUS_ID:85014516086,2-s2.0-85014516086,Faster kernels for graphs with continuous attributes via hashing,Morris C.,"Proceedings - IEEE International Conference on Data Mining, ICDM","[{'@_fa': 'true', '$': '9781509054725'}]",1095-1100,2017-01-31,31 January 2017,10.1109/ICDM.2016.114,33,"[{'@_fa': 'true', 'affilname': 'Technische Universität Dortmund', 'affiliation-city': 'Dortmund', 'affiliation-country': 'Germany'}]",Conference Proceeding,cp,Conference Paper,7600153125,0,False,15504786,,,,,,7837955,,
45,,,,,,SplineCNN: Fast Ge- ometric Deep Learning with Continuous B-Spline Kernels,,,,,,,,,,,,,,,,,,,,,,,,
46,,,,,,On Valid Optimal Assignment Ker- nels and Applications to Graph Classiﬁcation,,,,,,,,,,,,,,,,,,,,,,,,
47,,,,,,A Property Testing Frame- work for the Theoretical Expressivity of Graph Kernels,,,,,,,,,,,,,,,,,,,,,,,,
48,,,,,,Recognizing Cuneiform Signs Using Graph Based Methods,,,,,,,,,,,,,,,,,,,,,,,,
49,true,"[{'@_fa': 'true', '@ref': 'self', '@href': 'https://api.elsevier.com/content/abstract/scopus_id/84923206701'}, {'@_fa': 'true', '@ref': 'author-affiliation', '@href': 'https://api.elsevier.com/content/abstract/scopus_id/84923206701?field=author,affiliation'}, {'@_fa': 'true', '@ref': 'scopus', '@href': 'https://www.scopus.com/inward/record.uri?partnerID=HzOxMe3b&scp=84923206701&origin=inward'}, {'@_fa': 'true', '@ref': 'scopus-citedby', '@href': 'https://www.scopus.com/inward/citedby.uri?partnerID=HzOxMe3b&scp=84923206701&origin=inward'}]",https://api.elsevier.com/content/abstract/scopus_id/84923206701,SCOPUS_ID:84923206701,2-s2.0-84923206701,Review on Ion Mobility Spectrometry. Part 1: Current instrumentation,Cumeras R.,Analyst,,1376-1390,2015-03-07,7 March 2015,10.1039/c4an01100g,265,"[{'@_fa': 'true', 'affilname': 'CSIC - Instituto de Microelectronica de Barcelona (IMB-CNM)', 'affiliation-city': 'Cerdanyola del Valles', 'affiliation-country': 'Spain'}, {'@_fa': 'true', 'affilname': 'University of California, Davis', 'affiliation-city': 'Davis', 'affiliation-country': 'United States'}]",Journal,re,Review,23909,0,False,00032654,13645528,140,5,"{'value': [{'$': 'all'}, {'$': 'repository'}, {'$': 'repositoryam'}]}","{'value': [{'$': 'All Open Access'}, {'$': 'Green'}]}",,,25465076
50,,,,,,Trying to detect gas-phase ions? Understanding Ion Mobility Spectrometry Part 2: Hy- phenated Methods and Eﬀects of Experimental Parameters,,,,,,,,,,,,,,,,,,,,,,,,
51,true,"[{'@_fa': 'true', '@ref': 'self', '@href': 'https://api.elsevier.com/content/abstract/scopus_id/84925345168'}, {'@_fa': 'true', '@ref': 'author-affiliation', '@href': 'https://api.elsevier.com/content/abstract/scopus_id/84925345168?field=author,affiliation'}, {'@_fa': 'true', '@ref': 'scopus', '@href': 'https://www.scopus.com/inward/record.uri?partnerID=HzOxMe3b&scp=84925345168&origin=inward'}, {'@_fa': 'true', '@ref': 'scopus-citedby', '@href': 'https://www.scopus.com/inward/citedby.uri?partnerID=HzOxMe3b&scp=84925345168&origin=inward'}]",https://api.elsevier.com/content/abstract/scopus_id/84925345168,SCOPUS_ID:84925345168,2-s2.0-84925345168,Volatile organic compounds during inflammation and sepsis in rats: A potential breath test using ion-mobility spectrometry,Fink T.,Anesthesiology,,117-126,2015-01-01,2015,10.1097/ALN.0000000000000420,25,"[{'@_fa': 'true', 'affilname': 'Universitätsklinikum des Saarlandes Medizinische Fakultät der Universität des Saarlandes', 'affiliation-city': 'Homburg', 'affiliation-country': 'Germany'}]",Journal,ar,Article,21846,0,False,00033022,15281175,122,1,"{'value': [{'$': 'all'}, {'$': 'repository'}, {'$': 'repositoryvor'}]}","{'value': [{'$': 'All Open Access'}, {'$': 'Green'}]}",,,25170570
52,,,,,,Impact of intratumoral heterogeneity of breast cancer tissue on quantitative metabolom ics using high-resolution magic angle spinning 1 H NMR spectroscopy,,,,,,,,,,,,,,,,,,,,,,,,
53,true,"[{'@_fa': 'true', '@ref': 'self', '@href': 'https://api.elsevier.com/content/abstract/scopus_id/85028200376'}, {'@_fa': 'true', '@ref': 'author-affiliation', '@href': 'https://api.elsevier.com/content/abstract/scopus_id/85028200376?field=author,affiliation'}, {'@_fa': 'true', '@ref': 'scopus', '@href': 'https://www.scopus.com/inward/record.uri?partnerID=HzOxMe3b&scp=85028200376&origin=inward'}, {'@_fa': 'true', '@ref': 'scopus-citedby', '@href': 'https://www.scopus.com/inward/citedby.uri?partnerID=HzOxMe3b&scp=85028200376&origin=inward'}]",https://api.elsevier.com/content/abstract/scopus_id/85028200376,SCOPUS_ID:85028200376,2-s2.0-85028200376,An online peak extraction algorithm for ion mobility spectrometry data,Kopczynski D.,Algorithms for Molecular Biology,,,2015-05-13,"May 13, 2015",10.1186/s13015-015-0045-5,6,"[{'@_fa': 'true', 'affilname': 'Technische Universität Dortmund', 'affiliation-city': 'Dortmund', 'affiliation-country': 'Germany'}]",Journal,ar,Article,5800179604,1,True,,17487188,10,1,"{'value': [{'$': 'all'}, {'$': 'publisherfullgold'}, {'$': 'repository'}, {'$': 'repositoryvor'}]}","{'value': [{'$': 'All Open Access'}, {'$': 'Gold'}, {'$': 'Green'}]}",17,,
54,true,"[{'@_fa': 'true', '@ref': 'self', '@href': 'https://api.elsevier.com/content/abstract/scopus_id/84958524340'}, {'@_fa': 'true', '@ref': 'author-affiliation', '@href': 'https://api.elsevier.com/content/abstract/scopus_id/84958524340?field=author,affiliation'}, {'@_fa': 'true', '@ref': 'scopus', '@href': 'https://www.scopus.com/inward/record.uri?partnerID=HzOxMe3b&scp=84958524340&origin=inward'}, {'@_fa': 'true', '@ref': 'scopus-citedby', '@href': 'https://www.scopus.com/inward/citedby.uri?partnerID=HzOxMe3b&scp=84958524340&origin=inward'}]",https://api.elsevier.com/content/abstract/scopus_id/84958524340,SCOPUS_ID:84958524340,2-s2.0-84958524340,An online peak extraction algorithm for ion mobility spectrometry data,Kopczynski D.,Lecture Notes in Computer Science (including subseries Lecture Notes in Artificial Intelligence and Lecture Notes in Bioinformatics),"[{'@_fa': 'true', '$': '9783662447529'}]",232-246,2014-01-01,2014,10.1007/978-3-662-44753-6_18,1,"[{'@_fa': 'true', 'affilname': 'Technische Universität Dortmund', 'affiliation-city': 'Dortmund', 'affiliation-country': 'Germany'}]",Book Series,cp,Conference Paper,25674,0,False,03029743,16113349,8701 LNBI,,,,,,
55,,,,,,A detailed comparison of analysis processes for MCC-IMS data in disease classiﬁcation—Automated methods can replace manual peak an- notations,,,,,,,,,,,,,,,,,,,,,,,,
56,,,,,,From raw ion mobility measurements to disease classiﬁcation: a comparison of analysis processes,,,,,,,,,,,,,,,,,,,,,,,,
57,,,,,,Volatile Organic Compounds in Exhaled Breath of Idiopathic Pulmonary Fibrosis for Discrimina- tion from Healthy Subjects,,,,,,,,,,,,,,,,,,,,,,,,
58,,,,,,Shared-Resource-Centric Limited Preemptive Scheduling: A Com- prehensive Study of Suspension-base Partitioning Approaches,,,,,,,,,,,,,,,,,,,,,,,,
59,true,"[{'@_fa': 'true', '@ref': 'self', '@href': 'https://api.elsevier.com/content/abstract/scopus_id/85048818335'}, {'@_fa': 'true', '@ref': 'author-affiliation', '@href': 'https://api.elsevier.com/content/abstract/scopus_id/85048818335?field=author,affiliation'}, {'@_fa': 'true', '@ref': 'scopus', '@href': 'https://www.scopus.com/inward/record.uri?partnerID=HzOxMe3b&scp=85048818335&origin=inward'}, {'@_fa': 'true', '@ref': 'scopus-citedby', '@href': 'https://www.scopus.com/inward/citedby.uri?partnerID=HzOxMe3b&scp=85048818335&origin=inward'}]",https://api.elsevier.com/content/abstract/scopus_id/85048818335,SCOPUS_ID:85048818335,2-s2.0-85048818335,Saving Energy for Cloud Applications in Mobile Devices Using Nearby Resources,Toma A.,"Proceedings - 26th Euromicro International Conference on Parallel, Distributed, and Network-Based Processing, PDP 2018","[{'@_fa': 'true', '$': '9781538649756'}]",541-545,2018-06-06,6 June 2018,10.1109/PDP2018.2018.00091,1,"[{'@_fa': 'true', 'affilname': 'Technische Universität Dortmund', 'affiliation-city': 'Dortmund', 'affiliation-country': 'Germany'}]",Conference Proceeding,cp,Conference Paper,21100865108,0,False,,,,,,,,,
60,true,"[{'@_fa': 'true', '@ref': 'self', '@href': 'https://api.elsevier.com/content/abstract/scopus_id/85050660084'}, {'@_fa': 'true', '@ref': 'author-affiliation', '@href': 'https://api.elsevier.com/content/abstract/scopus_id/85050660084?field=author,affiliation'}, {'@_fa': 'true', '@ref': 'scopus', '@href': 'https://www.scopus.com/inward/record.uri?partnerID=HzOxMe3b&scp=85050660084&origin=inward'}, {'@_fa': 'true', '@ref': 'scopus-citedby', '@href': 'https://www.scopus.com/inward/citedby.uri?partnerID=HzOxMe3b&scp=85050660084&origin=inward'}]",https://api.elsevier.com/content/abstract/scopus_id/85050660084,SCOPUS_ID:85050660084,2-s2.0-85050660084,Unsupervised data analysis for virus detection with a surface plasmon resonance sensor,Siedhoff D.,"Proceedings of the 7th International Conference on Image Processing Theory, Tools and Applications, IPTA 2017","[{'@_fa': 'true', '$': '9781538618417'}]",1-6,2018-03-08,8 March 2018,10.1109/IPTA.2017.8310145,4,"[{'@_fa': 'true', 'affilname': 'Technische Universität Dortmund', 'affiliation-city': 'Dortmund', 'affiliation-country': 'Germany'}]",Conference Proceeding,cp,Conference Paper,21100870342,0,False,,,2018-January,,,,,,
61,true,"[{'@_fa': 'true', '@ref': 'self', '@href': 'https://api.elsevier.com/content/abstract/scopus_id/85019923566'}, {'@_fa': 'true', '@ref': 'author-affiliation', '@href': 'https://api.elsevier.com/content/abstract/scopus_id/85019923566?field=author,affiliation'}, {'@_fa': 'true', '@ref': 'scopus', '@href': 'https://www.scopus.com/inward/record.uri?partnerID=HzOxMe3b&scp=85019923566&origin=inward'}, {'@_fa': 'true', '@ref': 'scopus-citedby', '@href': 'https://www.scopus.com/inward/citedby.uri?partnerID=HzOxMe3b&scp=85019923566&origin=inward'}]",https://api.elsevier.com/content/abstract/scopus_id/85019923566,SCOPUS_ID:85019923566,2-s2.0-85019923566,Real-time virus size classification using surface plasmon PAMONO resonance and convolutional neural networks,Lenssen J.E.,Informatik aktuell,"[{'@_fa': 'true', '$': '9783662543443'}]",98-103,2017-01-01,2017,10.1007/978-3-662-54345-0_26,3,"[{'@_fa': 'true', 'affilname': 'Technische Universität Dortmund', 'affiliation-city': 'Dortmund', 'affiliation-country': 'Germany'}]",Conference Proceeding,cp,Conference Paper,21100244825,0,False,1431472X,,,,,,,,
62,,,,,,A Review of Nano-Particle Analysis with the PAMONO-Sensor,,,,,,,,,,,,,,,,,,,,,,,,
63,true,"[{'@_fa': 'true', '@ref': 'self', '@href': 'https://api.elsevier.com/content/abstract/scopus_id/85051698949'}, {'@_fa': 'true', '@ref': 'author-affiliation', '@href': 'https://api.elsevier.com/content/abstract/scopus_id/85051698949?field=author,affiliation'}, {'@_fa': 'true', '@ref': 'scopus', '@href': 'https://www.scopus.com/inward/record.uri?partnerID=HzOxMe3b&scp=85051698949&origin=inward'}, {'@_fa': 'true', '@ref': 'scopus-citedby', '@href': 'https://www.scopus.com/inward/citedby.uri?partnerID=HzOxMe3b&scp=85051698949&origin=inward'}]",https://api.elsevier.com/content/abstract/scopus_id/85051698949,SCOPUS_ID:85051698949,2-s2.0-85051698949,Real-time low SNR signal processing for nanoparticle analysis with deep neural networks,Lenssen J.E.,"BIOSIGNALS 2018 - 11th International Conference on Bio-Inspired Systems and Signal Processing, Proceedings; Part of 11th International Joint Conference on Biomedical Engineering Systems and Technologies, BIOSTEC 2018","[{'@_fa': 'true', '$': '9789897582790'}]",36-47,2018-01-01,2018,10.5220/0006596400360047,9,"[{'@_fa': 'true', 'affilname': 'Technische Universität Dortmund', 'affiliation-city': 'Dortmund', 'affiliation-country': 'Germany'}]",Conference Proceeding,cp,Conference Paper,21100873455,1,True,,,4,,"{'value': [{'$': 'all'}, {'$': 'publisherhybridgold'}, {'$': 'repository'}, {'$': 'repositoryam'}]}","{'value': [{'$': 'All Open Access'}, {'$': 'Hybrid Gold'}, {'$': 'Green'}]}",,,
64,,,,,,SplineCNN: Fast Ge- ometric Deep Learning with Continuous B-Spline Kernels,,,,,,,,,,,,,,,,,,,,,,,,
65,true,"[{'@_fa': 'true', '@ref': 'self', '@href': 'https://api.elsevier.com/content/abstract/scopus_id/85014352036'}, {'@_fa': 'true', '@ref': 'author-affiliation', '@href': 'https://api.elsevier.com/content/abstract/scopus_id/85014352036?field=author,affiliation'}, {'@_fa': 'true', '@ref': 'scopus', '@href': 'https://www.scopus.com/inward/record.uri?partnerID=HzOxMe3b&scp=85014352036&origin=inward'}, {'@_fa': 'true', '@ref': 'scopus-citedby', '@href': 'https://www.scopus.com/inward/citedby.uri?partnerID=HzOxMe3b&scp=85014352036&origin=inward'}]",https://api.elsevier.com/content/abstract/scopus_id/85014352036,SCOPUS_ID:85014352036,2-s2.0-85014352036,Application of the PAMONO-sensor for quantification of microvesicles and determination of nano-particle size distribution,Shpacovitch V.,Sensors (Switzerland),,,2017-02-01,February 2017,10.3390/s17020244,16,"[{'@_fa': 'true', 'affilname': 'Leibniz-Institut für Analytische Wissenschaften', 'affiliation-city': 'Dortmund', 'affiliation-country': 'Germany'}]",Journal,ar,Article,130124,1,True,14248220,,17,2,"{'value': [{'$': 'all'}, {'$': 'publisherfullgold'}, {'$': 'repository'}, {'$': 'repositoryvor'}, {'$': 'repositoryam'}]}","{'value': [{'$': 'All Open Access'}, {'$': 'Gold'}, {'$': 'Green'}]}",244,,28134825
66,,,,,,A Parameter-Optimizing Model-Based Approach to the Analysis of Low-SNR Image Sequences for Biological Virus Detection,,,,,,,,,,,,,,,,,,,,,,,,
67,,,,,,Exploration of Cyber-Physical Systems for GPGPU Com- puter Vision-Based Detection of Biological Viruses,,,,,,,,,,,,,,,,,,,,,,,,
68,,,,,,Stability pre- diction in milling processes using a simulation-based machine learning approach,,,,,,,,,,,,,,,,,,,,,,,,
69,,,,,,Qual- itätsprognosen zur Engpassentlastung in der Injektorfertigung unter Einsatz von Data Mining,,,,,,,,,,,,,,,,,,,,,,,,
70,,,,,,The Internet of Things: Opportunities and Challenges for Dis- tributed Data Analysis,,,,,,,,,,,,,,,,,,,,,,,,
71,true,"[{'@_fa': 'true', '@ref': 'self', '@href': 'https://api.elsevier.com/content/abstract/scopus_id/84978906173'}, {'@_fa': 'true', '@ref': 'author-affiliation', '@href': 'https://api.elsevier.com/content/abstract/scopus_id/84978906173?field=author,affiliation'}, {'@_fa': 'true', '@ref': 'scopus', '@href': 'https://www.scopus.com/inward/record.uri?partnerID=HzOxMe3b&scp=84978906173&origin=inward'}, {'@_fa': 'true', '@ref': 'scopus-citedby', '@href': 'https://www.scopus.com/inward/citedby.uri?partnerID=HzOxMe3b&scp=84978906173&origin=inward'}]",https://api.elsevier.com/content/abstract/scopus_id/84978906173,SCOPUS_ID:84978906173,2-s2.0-84978906173,Distributed support vector machines: An overview,Stolpe M.,Lecture Notes in Computer Science (including subseries Lecture Notes in Artificial Intelligence and Lecture Notes in Bioinformatics),"[{'@_fa': 'true', '$': '9783319417059'}]",109-138,2016-01-01,2016,10.1007/978-3-319-41706-6_5,5,"[{'@_fa': 'true', 'affilname': 'Technische Universität Dortmund', 'affiliation-city': 'Dortmund', 'affiliation-country': 'Germany'}]",Book Series,cp,Conference Paper,25674,0,False,03029743,16113349,9580,,,,,,
72,true,"[{'@_fa': 'true', '@ref': 'self', '@href': 'https://api.elsevier.com/content/abstract/scopus_id/84866647321'}, {'@_fa': 'true', '@ref': 'author-affiliation', '@href': 'https://api.elsevier.com/content/abstract/scopus_id/84866647321?field=author,affiliation'}, {'@_fa': 'true', '@ref': 'scopus', '@href': 'https://www.scopus.com/inward/record.uri?partnerID=HzOxMe3b&scp=84866647321&origin=inward'}, {'@_fa': 'true', '@ref': 'scopus-citedby', '@href': 'https://www.scopus.com/inward/citedby.uri?partnerID=HzOxMe3b&scp=84866647321&origin=inward'}]",https://api.elsevier.com/content/abstract/scopus_id/84866647321,SCOPUS_ID:84866647321,2-s2.0-84866647321,Distributed support vector machines: An overview,Wang D.,"Proceedings of the 2012 24th Chinese Control and Decision Conference, CCDC 2012","[{'@_fa': 'true', '$': '9781457720727'}]",3897-3901,2012-10-01,2012,10.1109/CCDC.2012.6244623,8,"[{'@_fa': 'true', 'affilname': 'Xiangtan University', 'affiliation-city': 'Xiangtan', 'affiliation-country': 'China'}]",Conference Proceeding,cp,Conference Paper,21100216532,0,False,,,,,,,6244623,,
73,,,,,,Sustainable Industrial Processes by Em- bedded Real-Time Quality Prediction,,,,,,,,,,,,,,,,,,,,,,,,
74,,,,,,Prädiktive Prozessüber- wachung auf Basis verteilt erfasster Sensordaten,,,,,,,,,,,,,,,,,,,,,,,,
75,true,"[{'@_fa': 'true', '@ref': 'self', '@href': 'https://api.elsevier.com/content/abstract/scopus_id/84938250569'}, {'@_fa': 'true', '@ref': 'author-affiliation', '@href': 'https://api.elsevier.com/content/abstract/scopus_id/84938250569?field=author,affiliation'}, {'@_fa': 'true', '@ref': 'scopus', '@href': 'https://www.scopus.com/inward/record.uri?partnerID=HzOxMe3b&scp=84938250569&origin=inward'}, {'@_fa': 'true', '@ref': 'scopus-citedby', '@href': 'https://www.scopus.com/inward/citedby.uri?partnerID=HzOxMe3b&scp=84938250569&origin=inward'}]",https://api.elsevier.com/content/abstract/scopus_id/84938250569,SCOPUS_ID:84938250569,2-s2.0-84938250569,Distributed traffic flow prediction with label proportions: From in-network towards high performance computation with MPI,Liebig T.,CEUR Workshop Proceedings,,36-43,2015-01-01,2015,,6,"[{'@_fa': 'true', 'affilname': 'Technische Universität Dortmund', 'affiliation-city': 'Dortmund', 'affiliation-country': 'Germany'}]",Conference Proceeding,cp,Conference Paper,21100218356,0,False,16130073,,1392,January,,,,,
76,,,,,,Data Mining in der Gütesicherung der Stabstahlproduktion,,,,,,,,,,,,,,,,,,,,,,,,
77,,,,,,Distributed Analysis of Vertically Partitioned Sensor Measurements under Communication Constraints,,,,,,,,,,,,,,,,,,,,,,,,
78,true,"[{'@_fa': 'true', '@ref': 'self', '@href': 'https://api.elsevier.com/content/abstract/scopus_id/85010399969'}, {'@_fa': 'true', '@ref': 'author-affiliation', '@href': 'https://api.elsevier.com/content/abstract/scopus_id/85010399969?field=author,affiliation'}, {'@_fa': 'true', '@ref': 'scopus', '@href': 'https://www.scopus.com/inward/record.uri?partnerID=HzOxMe3b&scp=85010399969&origin=inward'}, {'@_fa': 'true', '@ref': 'scopus-citedby', '@href': 'https://www.scopus.com/inward/citedby.uri?partnerID=HzOxMe3b&scp=85010399969&origin=inward'}]",https://api.elsevier.com/content/abstract/scopus_id/85010399969,SCOPUS_ID:85010399969,2-s2.0-85010399969,Mechanisms of jamming in the Nagel-Schreckenberg model for traffic flow,Bette H.M.,Physical Review E,,,2017-01-12,12 January 2017,10.1103/PhysRevE.95.012311,14,"[{'@_fa': 'true', 'affilname': 'Massachusetts Institute of Technology', 'affiliation-city': 'Cambridge', 'affiliation-country': 'United States'}, {'@_fa': 'true', 'affilname': 'Universität Duisburg-Essen', 'affiliation-city': 'Duisburg', 'affiliation-country': 'Germany'}]",Journal,ar,Article,21100855841,0,False,24700045,24700053,95,1,"{'value': [{'$': 'all'}, {'$': 'repository'}, {'$': 'repositoryvor'}, {'$': 'repositoryam'}]}","{'value': [{'$': 'All Open Access'}, {'$': 'Green'}]}",012311,,28208435
79,true,"[{'@_fa': 'true', '@ref': 'self', '@href': 'https://api.elsevier.com/content/abstract/scopus_id/85030473949'}, {'@_fa': 'true', '@ref': 'author-affiliation', '@href': 'https://api.elsevier.com/content/abstract/scopus_id/85030473949?field=author,affiliation'}, {'@_fa': 'true', '@ref': 'scopus', '@href': 'https://www.scopus.com/inward/record.uri?partnerID=HzOxMe3b&scp=85030473949&origin=inward'}, {'@_fa': 'true', '@ref': 'scopus-citedby', '@href': 'https://www.scopus.com/inward/citedby.uri?partnerID=HzOxMe3b&scp=85030473949&origin=inward'}]",https://api.elsevier.com/content/abstract/scopus_id/85030473949,SCOPUS_ID:85030473949,2-s2.0-85030473949,Poisson sum-product networks: A deep architecture for tractable multivariate poisson distributions,Molina A.,"31st AAAI Conference on Artificial Intelligence, AAAI 2017",,2357-2363,2017-01-01,2017,,16,"[{'@_fa': 'true', 'affilname': 'Technische Universität Dortmund', 'affiliation-city': 'Dortmund', 'affiliation-country': 'Germany'}]",Conference Proceeding,cp,Conference Paper,21100832747,0,False,,,,,,,,,
80,,,,,,LOcal interferenCe com- pensATion (LOCATe) for GNSS-based Lane-Speciﬁc Positioning of Vehicles,,,,,,,,,,,,,,,,,,,,,,,,
81,true,"[{'@_fa': 'true', '@ref': 'self', '@href': 'https://api.elsevier.com/content/abstract/scopus_id/85015812262'}, {'@_fa': 'true', '@ref': 'author-affiliation', '@href': 'https://api.elsevier.com/content/abstract/scopus_id/85015812262?field=author,affiliation'}, {'@_fa': 'true', '@ref': 'scopus', '@href': 'https://www.scopus.com/inward/record.uri?partnerID=HzOxMe3b&scp=85015812262&origin=inward'}, {'@_fa': 'true', '@ref': 'scopus-citedby', '@href': 'https://www.scopus.com/inward/citedby.uri?partnerID=HzOxMe3b&scp=85015812262&origin=inward'}]",https://api.elsevier.com/content/abstract/scopus_id/85015812262,SCOPUS_ID:85015812262,2-s2.0-85015812262,B.A.T.Mobile: Leveraging mobility control knowledge for efficient routing in mobile robotic networks,Sliwa B.,"2016 IEEE Globecom Workshops, GC Wkshps 2016 - Proceedings","[{'@_fa': 'true', '$': '9781509024827'}]",,2016-01-01,2016,10.1109/GLOCOMW.2016.7848845,20,"[{'@_fa': 'true', 'affilname': 'Technische Universität Dortmund', 'affiliation-city': 'Dortmund', 'affiliation-country': 'Germany'}]",Conference Proceeding,cp,Conference Paper,21100822694,0,False,,,,,"{'value': [{'$': 'all'}, {'$': 'repository'}, {'$': 'repositoryam'}]}","{'value': [{'$': 'All Open Access'}, {'$': 'Green'}]}",7848845,,
82,true,"[{'@_fa': 'true', '@ref': 'self', '@href': 'https://api.elsevier.com/content/abstract/scopus_id/85050802720'}, {'@_fa': 'true', '@ref': 'author-affiliation', '@href': 'https://api.elsevier.com/content/abstract/scopus_id/85050802720?field=author,affiliation'}, {'@_fa': 'true', '@ref': 'scopus', '@href': 'https://www.scopus.com/inward/record.uri?partnerID=HzOxMe3b&scp=85050802720&origin=inward'}, {'@_fa': 'true', '@ref': 'scopus-citedby', '@href': 'https://www.scopus.com/inward/citedby.uri?partnerID=HzOxMe3b&scp=85050802720&origin=inward'}]",https://api.elsevier.com/content/abstract/scopus_id/85050802720,SCOPUS_ID:85050802720,2-s2.0-85050802720,Efficient machine-type communication using multi-metric context-awareness for cars used as mobile sensors in upcoming 5g networks,Sliwa B.,IEEE Vehicular Technology Conference,"[{'@_fa': 'true', '$': '9781538663554'}]",1-6,2018-07-20,20 July 2018,10.1109/VTCSpring.2018.8417753,22,"[{'@_fa': 'true', 'affilname': 'Technische Universität Dortmund', 'affiliation-city': 'Dortmund', 'affiliation-country': 'Germany'}]",Conference Proceeding,cp,Conference Paper,23922,0,False,15502252,,2018-June,,"{'value': [{'$': 'all'}, {'$': 'repository'}, {'$': 'repositoryam'}]}","{'value': [{'$': 'All Open Access'}, {'$': 'Green'}]}",,,
83,,,,,,Lightweight joint simulation of vehicular mobility and communica- tion with LIMoSim,,,,,,,,,,,,,,,,,,,,,,,,
84,,,,,,Traﬃc simulations with empirical data – How to replace missing traﬃc ﬂows?,,,,,,,,,,,,,,,,,,,,,,,,
85,true,"[{'@_fa': 'true', '@ref': 'self', '@href': 'https://api.elsevier.com/content/abstract/scopus_id/84957709705'}, {'@_fa': 'true', '@ref': 'author-affiliation', '@href': 'https://api.elsevier.com/content/abstract/scopus_id/84957709705?field=author,affiliation'}, {'@_fa': 'true', '@ref': 'scopus', '@href': 'https://www.scopus.com/inward/record.uri?partnerID=HzOxMe3b&scp=84957709705&origin=inward'}, {'@_fa': 'true', '@ref': 'scopus-citedby', '@href': 'https://www.scopus.com/inward/citedby.uri?partnerID=HzOxMe3b&scp=84957709705&origin=inward'}, {'@_fa': 'true', '@ref': 'full-text', '@href': 'https://api.elsevier.com/content/article/eid/1-s2.0-S0306437916000181'}]",https://api.elsevier.com/content/abstract/scopus_id/84957709705,SCOPUS_ID:84957709705,2-s2.0-84957709705,Dynamic route planning with real-time traffic predictions,Liebig T.,Information Systems,,258-265,2017-03-01,1 March 2017,10.1016/j.is.2016.01.007,94,"[{'@_fa': 'true', 'affilname': 'Technische Universität Dortmund', 'affiliation-city': 'Dortmund', 'affiliation-country': 'Germany'}]",Journal,ar,Article,12305,0,False,03064379,,64,,,,,S0306437916000181,
86,true,"[{'@_fa': 'true', '@ref': 'self', '@href': 'https://api.elsevier.com/content/abstract/scopus_id/85064905443'}, {'@_fa': 'true', '@ref': 'author-affiliation', '@href': 'https://api.elsevier.com/content/abstract/scopus_id/85064905443?field=author,affiliation'}, {'@_fa': 'true', '@ref': 'scopus', '@href': 'https://www.scopus.com/inward/record.uri?partnerID=HzOxMe3b&scp=85064905443&origin=inward'}, {'@_fa': 'true', '@ref': 'scopus-citedby', '@href': 'https://www.scopus.com/inward/citedby.uri?partnerID=HzOxMe3b&scp=85064905443&origin=inward'}]",https://api.elsevier.com/content/abstract/scopus_id/85064905443,SCOPUS_ID:85064905443,2-s2.0-85064905443,Performance Comparison of Dynamic Vehicle Routing Methods for Minimizing the Global Dwell Time in Upcoming Smart Cities,Vranken T.,IEEE Vehicular Technology Conference,"[{'@_fa': 'true', '$': '9781538663585'}]",,2018-07-02,2 July 2018,10.1109/VTCFall.2018.8690655,3,"[{'@_fa': 'true', 'affilname': 'Universität Duisburg-Essen', 'affiliation-city': 'Duisburg', 'affiliation-country': 'Germany'}]",Conference Proceeding,cp,Conference Paper,23922,0,False,15502252,,2018-August,,"{'value': [{'$': 'all'}, {'$': 'repository'}, {'$': 'repositoryam'}]}","{'value': [{'$': 'All Open Access'}, {'$': 'Green'}]}",8690655,,
87,,,,,,Analysis of Min-Hashing for Variant Tol- erant DNA Read Mapping,,,,,,,,,,,,,,,,,,,,,,,,
88,true,"[{'@_fa': 'true', '@ref': 'self', '@href': 'https://api.elsevier.com/content/abstract/scopus_id/85027698874'}, {'@_fa': 'true', '@ref': 'author-affiliation', '@href': 'https://api.elsevier.com/content/abstract/scopus_id/85027698874?field=author,affiliation'}, {'@_fa': 'true', '@ref': 'scopus', '@href': 'https://www.scopus.com/inward/record.uri?partnerID=HzOxMe3b&scp=85027698874&origin=inward'}, {'@_fa': 'true', '@ref': 'scopus-citedby', '@href': 'https://www.scopus.com/inward/citedby.uri?partnerID=HzOxMe3b&scp=85027698874&origin=inward'}]",https://api.elsevier.com/content/abstract/scopus_id/85027698874,SCOPUS_ID:85027698874,2-s2.0-85027698874,A hybrid parameter estimation algorithm for beta mixtures and applications to methylation state classification,Schröder C.,Algorithms for Molecular Biology,,,2017-08-18,18 August 2017,10.1186/s13015-017-0112-1,12,"[{'@_fa': 'true', 'affilname': 'Universitätsklinikum Essen', 'affiliation-city': 'Essen', 'affiliation-country': 'Germany'}]",Journal,ar,Article,5800179604,1,True,,17487188,12,1,"{'value': [{'$': 'all'}, {'$': 'publisherfullgold'}, {'$': 'repository'}, {'$': 'repositoryvor'}]}","{'value': [{'$': 'All Open Access'}, {'$': 'Gold'}, {'$': 'Green'}]}",21,,
89,true,"[{'@_fa': 'true', '@ref': 'self', '@href': 'https://api.elsevier.com/content/abstract/scopus_id/84984941801'}, {'@_fa': 'true', '@ref': 'author-affiliation', '@href': 'https://api.elsevier.com/content/abstract/scopus_id/84984941801?field=author,affiliation'}, {'@_fa': 'true', '@ref': 'scopus', '@href': 'https://www.scopus.com/inward/record.uri?partnerID=HzOxMe3b&scp=84984941801&origin=inward'}, {'@_fa': 'true', '@ref': 'scopus-citedby', '@href': 'https://www.scopus.com/inward/citedby.uri?partnerID=HzOxMe3b&scp=84984941801&origin=inward'}]",https://api.elsevier.com/content/abstract/scopus_id/84984941801,SCOPUS_ID:84984941801,2-s2.0-84984941801,A hybrid parameter estimation algorithm for beta mixtures and applications to methylation state classification,Schröder C.,Lecture Notes in Computer Science (including subseries Lecture Notes in Artificial Intelligence and Lecture Notes in Bioinformatics),"[{'@_fa': 'true', '$': '9783319436807'}]",307-319,2016-01-01,2016,10.1007/978-3-319-43681-4_25,2,"[{'@_fa': 'true', 'affilname': 'Universitätsklinikum Essen', 'affiliation-city': 'Essen', 'affiliation-country': 'Germany'}]",Book Series,cp,Conference Paper,25674,0,False,03029743,16113349,9838 LNCS,,,,,,
90,true,"[{'@_fa': 'true', '@ref': 'self', '@href': 'https://api.elsevier.com/content/abstract/scopus_id/84938278368'}, {'@_fa': 'true', '@ref': 'author-affiliation', '@href': 'https://api.elsevier.com/content/abstract/scopus_id/84938278368?field=author,affiliation'}, {'@_fa': 'true', '@ref': 'scopus', '@href': 'https://www.scopus.com/inward/record.uri?partnerID=HzOxMe3b&scp=84938278368&origin=inward'}, {'@_fa': 'true', '@ref': 'scopus-citedby', '@href': 'https://www.scopus.com/inward/citedby.uri?partnerID=HzOxMe3b&scp=84938278368&origin=inward'}]",https://api.elsevier.com/content/abstract/scopus_id/84938278368,SCOPUS_ID:84938278368,2-s2.0-84938278368,Mutational dynamics between primary and relapse neuroblastomas,Schramm A.,Nature Genetics,,872-877,2015-08-30,30 August 2015,10.1038/ng.3349,179,"[{'@_fa': 'true', 'affilname': 'Universität Duisburg-Essen', 'affiliation-city': 'Duisburg', 'affiliation-country': 'Germany'}]",Journal,ar,Article,18990,0,False,10614036,15461718,47,8,,,,,26121086
91,true,"[{'@_fa': 'true', '@ref': 'self', '@href': 'https://api.elsevier.com/content/abstract/scopus_id/85042432378'}, {'@_fa': 'true', '@ref': 'author-affiliation', '@href': 'https://api.elsevier.com/content/abstract/scopus_id/85042432378?field=author,affiliation'}, {'@_fa': 'true', '@ref': 'scopus', '@href': 'https://www.scopus.com/inward/record.uri?partnerID=HzOxMe3b&scp=85042432378&origin=inward'}, {'@_fa': 'true', '@ref': 'scopus-citedby', '@href': 'https://www.scopus.com/inward/citedby.uri?partnerID=HzOxMe3b&scp=85042432378&origin=inward'}]",https://api.elsevier.com/content/abstract/scopus_id/85042432378,SCOPUS_ID:85042432378,2-s2.0-85042432378,"Cancer evolution, mutations, and clonal selection in relapse neuroblastoma",Schulte M.,Cell and Tissue Research,,263-268,2018-05-01,1 May 2018,10.1007/s00441-018-2810-5,12,"[{'@_fa': 'true', 'affilname': 'Universitätsklinikum Essen', 'affiliation-city': 'Essen', 'affiliation-country': 'Germany'}]",Journal,re,Review,18446,0,False,0302766X,14320878,372,2,,,,,29478075
92,,,,,,Sensitivity to cdk1-inhibition is mod- ulated by p53 status in preclinical models of embryonal tumors,,,,,,,,,,,,,,,,,,,,,,,,
93,true,"[{'@_fa': 'true', '@ref': 'self', '@href': 'https://api.elsevier.com/content/abstract/scopus_id/85040228797'}, {'@_fa': 'true', '@ref': 'author-affiliation', '@href': 'https://api.elsevier.com/content/abstract/scopus_id/85040228797?field=author,affiliation'}, {'@_fa': 'true', '@ref': 'scopus', '@href': 'https://www.scopus.com/inward/record.uri?partnerID=HzOxMe3b&scp=85040228797&origin=inward'}, {'@_fa': 'true', '@ref': 'scopus-citedby', '@href': 'https://www.scopus.com/inward/citedby.uri?partnerID=HzOxMe3b&scp=85040228797&origin=inward'}]",https://api.elsevier.com/content/abstract/scopus_id/85040228797,SCOPUS_ID:85040228797,2-s2.0-85040228797,C-SALT: Mining Class-Specific ALTerations in Boolean Matrix Factorization,Hess S.,Lecture Notes in Computer Science (including subseries Lecture Notes in Artificial Intelligence and Lecture Notes in Bioinformatics),"[{'@_fa': 'true', '$': '9783319712482'}]",547-563,2017-01-01,2017,10.1007/978-3-319-71249-9_33,4,"[{'@_fa': 'true', 'affilname': 'Technische Universität Dortmund', 'affiliation-city': 'Dortmund', 'affiliation-country': 'Germany'}]",Book Series,cp,Conference Paper,25674,0,False,03029743,16113349,10534 LNAI,,"{'value': [{'$': 'all'}, {'$': 'repository'}, {'$': 'repositoryam'}]}","{'value': [{'$': 'All Open Access'}, {'$': 'Green'}]}",,,
94,true,"[{'@_fa': 'true', '@ref': 'self', '@href': 'https://api.elsevier.com/content/abstract/scopus_id/85019214349'}, {'@_fa': 'true', '@ref': 'author-affiliation', '@href': 'https://api.elsevier.com/content/abstract/scopus_id/85019214349?field=author,affiliation'}, {'@_fa': 'true', '@ref': 'scopus', '@href': 'https://www.scopus.com/inward/record.uri?partnerID=HzOxMe3b&scp=85019214349&origin=inward'}, {'@_fa': 'true', '@ref': 'scopus-citedby', '@href': 'https://www.scopus.com/inward/citedby.uri?partnerID=HzOxMe3b&scp=85019214349&origin=inward'}]",https://api.elsevier.com/content/abstract/scopus_id/85019214349,SCOPUS_ID:85019214349,2-s2.0-85019214349,The PRIMPING routine—Tiling through proximal alternating linearized minimization,Hess S.,Data Mining and Knowledge Discovery,,1090-1131,2017-07-01,1 July 2017,10.1007/s10618-017-0508-z,13,"[{'@_fa': 'true', 'affilname': 'Technische Universität Dortmund', 'affiliation-city': 'Dortmund', 'affiliation-country': 'Germany'}]",Journal,ar,Article,13579,0,False,13845810,1573756X,31,4,"{'value': [{'$': 'all'}, {'$': 'repository'}, {'$': 'repositoryam'}]}","{'value': [{'$': 'All Open Access'}, {'$': 'Green'}]}",,,
95,true,"[{'@_fa': 'true', '@ref': 'self', '@href': 'https://api.elsevier.com/content/abstract/scopus_id/85048332689'}, {'@_fa': 'true', '@ref': 'author-affiliation', '@href': 'https://api.elsevier.com/content/abstract/scopus_id/85048332689?field=author,affiliation'}, {'@_fa': 'true', '@ref': 'scopus', '@href': 'https://www.scopus.com/inward/record.uri?partnerID=HzOxMe3b&scp=85048332689&origin=inward'}, {'@_fa': 'true', '@ref': 'scopus-citedby', '@href': 'https://www.scopus.com/inward/citedby.uri?partnerID=HzOxMe3b&scp=85048332689&origin=inward'}]",https://api.elsevier.com/content/abstract/scopus_id/85048332689,SCOPUS_ID:85048332689,2-s2.0-85048332689,The trustworthy pal: Controlling the false discovery rate in boolean matrix factorization,Hess S.,"SIAM International Conference on Data Mining, SDM 2018",,405-413,2018-01-01,2018,10.1137/1.9781611975321.46,3,"[{'@_fa': 'true', 'affilname': 'Technische Universität Dortmund', 'affiliation-city': 'Dortmund', 'affiliation-country': 'Germany'}]",Conference Proceeding,cp,Conference Paper,21100863693,1,True,,,,,"{'value': [{'$': 'all'}, {'$': 'publisherfree2read'}, {'$': 'repository'}, {'$': 'repositoryam'}]}","{'value': [{'$': 'All Open Access'}, {'$': 'Bronze'}, {'$': 'Green'}]}",,,
96,,,,,,Fast Saddle-Point Algorithm for General- ized Dantzig Selector and FDR Control with the Ordered l1-Norm,,,,,,,,,,,,,,,,,,,,,,,,
97,true,"[{'@_fa': 'true', '@ref': 'self', '@href': 'https://api.elsevier.com/content/abstract/scopus_id/85014352036'}, {'@_fa': 'true', '@ref': 'author-affiliation', '@href': 'https://api.elsevier.com/content/abstract/scopus_id/85014352036?field=author,affiliation'}, {'@_fa': 'true', '@ref': 'scopus', '@href': 'https://www.scopus.com/inward/record.uri?partnerID=HzOxMe3b&scp=85014352036&origin=inward'}, {'@_fa': 'true', '@ref': 'scopus-citedby', '@href': 'https://www.scopus.com/inward/citedby.uri?partnerID=HzOxMe3b&scp=85014352036&origin=inward'}]",https://api.elsevier.com/content/abstract/scopus_id/85014352036,SCOPUS_ID:85014352036,2-s2.0-85014352036,Application of the PAMONO-sensor for quantification of microvesicles and determination of nano-particle size distribution,Shpacovitch V.,Sensors (Switzerland),,,2017-02-01,February 2017,10.3390/s17020244,16,"[{'@_fa': 'true', 'affilname': 'Leibniz-Institut für Analytische Wissenschaften', 'affiliation-city': 'Dortmund', 'affiliation-country': 'Germany'}]",Journal,ar,Article,130124,1,True,14248220,,17,2,"{'value': [{'$': 'all'}, {'$': 'publisherfullgold'}, {'$': 'repository'}, {'$': 'repositoryvor'}, {'$': 'repositoryam'}]}","{'value': [{'$': 'All Open Access'}, {'$': 'Gold'}, {'$': 'Green'}]}",244,,28134825
98,true,"[{'@_fa': 'true', '@ref': 'self', '@href': 'https://api.elsevier.com/content/abstract/scopus_id/84959354561'}, {'@_fa': 'true', '@ref': 'author-affiliation', '@href': 'https://api.elsevier.com/content/abstract/scopus_id/84959354561?field=author,affiliation'}, {'@_fa': 'true', '@ref': 'scopus', '@href': 'https://www.scopus.com/inward/record.uri?partnerID=HzOxMe3b&scp=84959354561&origin=inward'}, {'@_fa': 'true', '@ref': 'scopus-citedby', '@href': 'https://www.scopus.com/inward/citedby.uri?partnerID=HzOxMe3b&scp=84959354561&origin=inward'}]",https://api.elsevier.com/content/abstract/scopus_id/84959354561,SCOPUS_ID:84959354561,2-s2.0-84959354561,Online analysis of high-volume data streams in astroparticle physics,Bockermann C.,Lecture Notes in Computer Science (including subseries Lecture Notes in Artificial Intelligence and Lecture Notes in Bioinformatics),"[{'@_fa': 'true', '$': '9783319234601'}, {'@_fa': 'true', '$': '9783319234601'}, {'@_fa': 'true', '$': '9783319234601'}, {'@_fa': 'true', '$': '9783319234601'}]",100-115,2015-01-01,2015,10.1007/978-3-s319-23461-8_7,11,"[{'@_fa': 'true', 'affilname': 'Technische Universität Dortmund', 'affiliation-city': 'Dortmund', 'affiliation-country': 'Germany'}]",Book Series,cp,Conference Paper,25674,0,False,03029743,16113349,9286,,,,,,
99,true,"[{'@_fa': 'true', '@ref': 'self', '@href': 'https://api.elsevier.com/content/abstract/scopus_id/84924975571'}, {'@_fa': 'true', '@ref': 'author-affiliation', '@href': 'https://api.elsevier.com/content/abstract/scopus_id/84924975571?field=author,affiliation'}, {'@_fa': 'true', '@ref': 'scopus', '@href': 'https://www.scopus.com/inward/record.uri?partnerID=HzOxMe3b&scp=84924975571&origin=inward'}, {'@_fa': 'true', '@ref': 'scopus-citedby', '@href': 'https://www.scopus.com/inward/citedby.uri?partnerID=HzOxMe3b&scp=84924975571&origin=inward'}]",https://api.elsevier.com/content/abstract/scopus_id/84924975571,SCOPUS_ID:84924975571,2-s2.0-84924975571,Development of a general analysis and unfolding scheme and its application to measure the energy spectrum of atmospheric neutrinos with IceCube: IceCube Collaboration,Aartsen M.G.,European Physical Journal C,,,2015-01-01,2015,10.1140/epjc/s10052-015-3330-z,35,"[{'@_fa': 'true', 'affilname': 'The University of Adelaide', 'affiliation-city': 'Adelaide', 'affiliation-country': 'Australia'}]",Journal,ar,Article,27545,1,True,14346044,14346052,75,3,"{'value': [{'$': 'all'}, {'$': 'publisherfullgold'}, {'$': 'repository'}, {'$': 'repositoryvor'}, {'$': 'repositoryam'}]}","{'value': [{'$': 'All Open Access'}, {'$': 'Gold'}, {'$': 'Green'}]}",116,,
100,true,"[{'@_fa': 'true', '@ref': 'self', '@href': 'https://api.elsevier.com/content/abstract/scopus_id/84983750770'}, {'@_fa': 'true', '@ref': 'author-affiliation', '@href': 'https://api.elsevier.com/content/abstract/scopus_id/84983750770?field=author,affiliation'}, {'@_fa': 'true', '@ref': 'scopus', '@href': 'https://www.scopus.com/inward/record.uri?partnerID=HzOxMe3b&scp=84983750770&origin=inward'}, {'@_fa': 'true', '@ref': 'scopus-citedby', '@href': 'https://www.scopus.com/inward/citedby.uri?partnerID=HzOxMe3b&scp=84983750770&origin=inward'}]",https://api.elsevier.com/content/abstract/scopus_id/84983750770,SCOPUS_ID:84983750770,2-s2.0-84983750770,Discovering neutrinos through data analytics,Börner M.,Lecture Notes in Computer Science (including subseries Lecture Notes in Artificial Intelligence and Lecture Notes in Bioinformatics),"[{'@_fa': 'true', '$': '9783319234601'}, {'@_fa': 'true', '$': '9783319234601'}, {'@_fa': 'true', '$': '9783319234601'}, {'@_fa': 'true', '$': '9783319234601'}]",208-212,2015-01-01,2015,10.1007/978-3-319-23461-8_15,1,"[{'@_fa': 'true', 'affilname': 'Technische Universität Dortmund', 'affiliation-city': 'Dortmund', 'affiliation-country': 'Germany'}]",Book Series,cp,Conference Paper,25674,0,False,03029743,16113349,9286,,,,A15,,
101,,,,,,Measurement of the νµ energy spectrum with IceCube-79,,,,,,,,,,,,,,,,,,,,,,,,
102,,,,,,Decision Tree and Random Forest Implemen- tations for Fast Filtering of Sensor Data,,,,,,,,,,,,,,,,,,,,,,,,
103,,,,,,Mining Big Data Streams for Multiple Concepts,,,,,,,,,,,,,,,,,,,,,,,,
104,,,,,,Dis- tributed Real-Time Data Stream Analysis for CTA,,,,,,,,,,,,,,,,,,,,,,,,
105,true,"[{'@_fa': 'true', '@ref': 'self', '@href': 'https://api.elsevier.com/content/abstract/scopus_id/85046058111'}, {'@_fa': 'true', '@ref': 'author-affiliation', '@href': 'https://api.elsevier.com/content/abstract/scopus_id/85046058111?field=author,affiliation'}, {'@_fa': 'true', '@ref': 'scopus', '@href': 'https://www.scopus.com/inward/record.uri?partnerID=HzOxMe3b&scp=85046058111&origin=inward'}, {'@_fa': 'true', '@ref': 'scopus-citedby', '@href': 'https://www.scopus.com/inward/citedby.uri?partnerID=HzOxMe3b&scp=85046058111&origin=inward'}]",https://api.elsevier.com/content/abstract/scopus_id/85046058111,SCOPUS_ID:85046058111,2-s2.0-85046058111,Deep learning in physics exemplified by the reconstruction of muon-neutrino events in IceCube,Hünnefeld M.,Proceedings of Science,,,2017-01-01,2017,,2,"[{'@_fa': 'true', 'affilname': 'Technische Universität Dortmund', 'affiliation-city': 'Dortmund', 'affiliation-country': 'Germany'}]",Conference Proceeding,cp,Conference Paper,21100253049,0,False,,18248039,,,,,,,
106,,,,,,Mining for Spectra – The Dortmund Spectrum Estimation Algorithm,,,,,,,,,,,,,,,,,,,,,,,,
107,true,"[{'@_fa': 'true', '@ref': 'self', '@href': 'https://api.elsevier.com/content/abstract/scopus_id/85057429876'}, {'@_fa': 'true', '@ref': 'author-affiliation', '@href': 'https://api.elsevier.com/content/abstract/scopus_id/85057429876?field=author,affiliation'}, {'@_fa': 'true', '@ref': 'scopus', '@href': 'https://www.scopus.com/inward/record.uri?partnerID=HzOxMe3b&scp=85057429876&origin=inward'}, {'@_fa': 'true', '@ref': 'scopus-citedby', '@href': 'https://www.scopus.com/inward/citedby.uri?partnerID=HzOxMe3b&scp=85057429876&origin=inward'}]",https://api.elsevier.com/content/abstract/scopus_id/85057429876,SCOPUS_ID:85057429876,2-s2.0-85057429876,Core dependency networks,Molina A.,"32nd AAAI Conference on Artificial Intelligence, AAAI 2018","[{'@_fa': 'true', '$': '9781577358008'}]",3820-3827,2018-01-01,2018,,7,"[{'@_fa': 'true', 'affilname': 'Technische Universität Dortmund', 'affiliation-city': 'Dortmund', 'affiliation-country': 'Germany'}]",Conference Proceeding,cp,Conference Paper,21100896173,0,False,,,,,,,,,
108,true,"[{'@_fa': 'true', '@ref': 'self', '@href': 'https://api.elsevier.com/content/abstract/scopus_id/85068083848'}, {'@_fa': 'true', '@ref': 'author-affiliation', '@href': 'https://api.elsevier.com/content/abstract/scopus_id/85068083848?field=author,affiliation'}, {'@_fa': 'true', '@ref': 'scopus', '@href': 'https://www.scopus.com/inward/record.uri?partnerID=HzOxMe3b&scp=85068083848&origin=inward'}, {'@_fa': 'true', '@ref': 'scopus-citedby', '@href': 'https://www.scopus.com/inward/citedby.uri?partnerID=HzOxMe3b&scp=85068083848&origin=inward'}]",https://api.elsevier.com/content/abstract/scopus_id/85068083848,SCOPUS_ID:85068083848,2-s2.0-85068083848,Coresets-Methods and History: A Theoreticians Design Pattern for Approximation and Streaming Algorithms,Munteanu A.,KI - Kunstliche Intelligenz,,37-53,2018-02-01,1 February 2018,10.1007/s13218-017-0519-3,16,"[{'@_fa': 'true', 'affilname': 'Technische Universität Dortmund', 'affiliation-city': 'Dortmund', 'affiliation-country': 'Germany'}]",Journal,ar,Article,21101017166,1,True,09331875,16101987,32,1,"{'value': [{'$': 'all'}, {'$': 'publisherhybridgold'}, {'$': 'repository'}, {'$': 'repositoryvor'}]}","{'value': [{'$': 'All Open Access'}, {'$': 'Hybrid Gold'}, {'$': 'Green'}]}",,,
109,true,"[{'@_fa': 'true', '@ref': 'self', '@href': 'https://api.elsevier.com/content/abstract/scopus_id/84947608290'}, {'@_fa': 'true', '@ref': 'author-affiliation', '@href': 'https://api.elsevier.com/content/abstract/scopus_id/84947608290?field=author,affiliation'}, {'@_fa': 'true', '@ref': 'scopus', '@href': 'https://www.scopus.com/inward/record.uri?partnerID=HzOxMe3b&scp=84947608290&origin=inward'}, {'@_fa': 'true', '@ref': 'scopus-citedby', '@href': 'https://www.scopus.com/inward/citedby.uri?partnerID=HzOxMe3b&scp=84947608290&origin=inward'}]",https://api.elsevier.com/content/abstract/scopus_id/84947608290,SCOPUS_ID:84947608290,2-s2.0-84947608290,Random projections for Bayesian regression,Geppert L.N.,Statistics and Computing,,79-101,2017-01-01,1 January 2017,10.1007/s11222-015-9608-z,18,"[{'@_fa': 'true', 'affilname': 'Technische Universität Dortmund', 'affiliation-city': 'Dortmund', 'affiliation-country': 'Germany'}]",Journal,ar,Article,23614,1,True,09603174,15731375,27,1,"{'value': [{'$': 'all'}, {'$': 'publisherhybridgold'}, {'$': 'repository'}, {'$': 'repositoryam'}]}","{'value': [{'$': 'All Open Access'}, {'$': 'Hybrid Gold'}, {'$': 'Green'}]}",,,
110,true,"[{'@_fa': 'true', '@ref': 'self', '@href': 'https://api.elsevier.com/content/abstract/scopus_id/85038010234'}, {'@_fa': 'true', '@ref': 'author-affiliation', '@href': 'https://api.elsevier.com/content/abstract/scopus_id/85038010234?field=author,affiliation'}, {'@_fa': 'true', '@ref': 'scopus', '@href': 'https://www.scopus.com/inward/record.uri?partnerID=HzOxMe3b&scp=85038010234&origin=inward'}, {'@_fa': 'true', '@ref': 'scopus-citedby', '@href': 'https://www.scopus.com/inward/citedby.uri?partnerID=HzOxMe3b&scp=85038010234&origin=inward'}]",https://api.elsevier.com/content/abstract/scopus_id/85038010234,SCOPUS_ID:85038010234,2-s2.0-85038010234,Integration of Multiple Genomic Data Sources in a Bayesian Cox Model for Variable Selection and Prediction,Treppmann T.,Computational and Mathematical Methods in Medicine,,,2017-01-01,2017,10.1155/2017/7340565,3,"[{'@_fa': 'true', 'affilname': 'EXCO', 'affiliation-city': 'Penzberg', 'affiliation-country': 'Germany'}]",Journal,ar,Article,11000153760,1,True,1748670X,17486718,2017,,"{'value': [{'$': 'all'}, {'$': 'publisherfullgold'}, {'$': 'repository'}, {'$': 'repositoryvor'}, {'$': 'repositoryam'}]}","{'value': [{'$': 'All Open Access'}, {'$': 'Gold'}, {'$': 'Green'}]}",7340565,,28828032
111,,,,,,Vergleich von Methoden zur Auswahl von Beobachtungen bei Re- gression mit fehlenden Y-Werten,,,,,,,,,,,,,,,,,,,,,,,,
112,,,,,,Untersuchung von Regression auf eingebetteten Datensätzen unter Verwendung von verschiedenen Abstandsnormen und Penalisierungstermen,,,,,,,,,,,,,,,,,,,,,,,,
113,,,,,,Unimodal spline regression and its use in various applications with single or multiple modes,,,,,,,,,,,,,,,,,,,,,,,,
114,,,,,,Reduktion hochdimensionaler Datensätze für die logische Re- gression unter Verwendung von Leverage Scores mit besonderer Berücksichtigung von SNP-Daten,,,,,,,,,,,,,,,,,,,,,,,,
115,,,,,,Eﬃciently Storing and Analyzing Genome Data in Database Systems,,,,,,,,,,,,,,,,,,,,,,,,
116,true,"[{'@_fa': 'true', '@ref': 'self', '@href': 'https://api.elsevier.com/content/abstract/scopus_id/85083262604'}, {'@_fa': 'true', '@ref': 'author-affiliation', '@href': 'https://api.elsevier.com/content/abstract/scopus_id/85083262604?field=author,affiliation'}, {'@_fa': 'true', '@ref': 'scopus', '@href': 'https://www.scopus.com/inward/record.uri?partnerID=HzOxMe3b&scp=85083262604&origin=inward'}, {'@_fa': 'true', '@ref': 'scopus-citedby', '@href': 'https://www.scopus.com/inward/citedby.uri?partnerID=HzOxMe3b&scp=85083262604&origin=inward'}]",https://api.elsevier.com/content/abstract/scopus_id/85083262604,SCOPUS_ID:85083262604,2-s2.0-85083262604,Energy efficiency of a low power hardware cluster for high performance computing,Görtz M.D.,"Lecture Notes in Informatics (LNI), Proceedings - Series of the Gesellschaft fur Informatik (GI)","[{'@_fa': 'true', '$': '9783885796695'}]",2537-2548,2017-01-01,2017,10.18420/in2017_256,2,"[{'@_fa': 'true', 'affilname': 'Technische Universität Dortmund', 'affiliation-city': 'Dortmund', 'affiliation-country': 'Germany'}]",Conference Proceeding,cp,Conference Paper,21100229106,0,False,16175468,,275,,,,,,
117,,,,,,Measurement of C P Violation in B0 → J/ψK0 S Decays,,,,,,,,,,,,,,,,,,,,,,,,
118,,,,,,Measurement of CP violation in B0 → D+D− decays,,,,,,,,,,,,,,,,,,,,,,,,
119,,,,,,Measurement of CP violation in B0 → J/ψK0 S and B0 → ψ(2S)K0 S decays,,,,,,,,,,,,,,,,,,,,,,,,
120,true,"[{'@_fa': 'true', '@ref': 'self', '@href': 'https://api.elsevier.com/content/abstract/scopus_id/85066489466'}, {'@_fa': 'true', '@ref': 'author-affiliation', '@href': 'https://api.elsevier.com/content/abstract/scopus_id/85066489466?field=author,affiliation'}, {'@_fa': 'true', '@ref': 'scopus', '@href': 'https://www.scopus.com/inward/record.uri?partnerID=HzOxMe3b&scp=85066489466&origin=inward'}, {'@_fa': 'true', '@ref': 'scopus-citedby', '@href': 'https://www.scopus.com/inward/citedby.uri?partnerID=HzOxMe3b&scp=85066489466&origin=inward'}]",https://api.elsevier.com/content/abstract/scopus_id/85066489466,SCOPUS_ID:85066489466,2-s2.0-85066489466,DeLorean: A storage layer to analyze physical data at scale,Kußmann M.,"Lecture Notes in Informatics (LNI), Proceedings - Series of the Gesellschaft fur Informatik (GI)","[{'@_fa': 'true', '$': '9783885796596'}]",413-422,2017-01-01,2017,,1,"[{'@_fa': 'true', 'affilname': 'Technische Universität Dortmund', 'affiliation-city': 'Dortmund', 'affiliation-country': 'Germany'}]",Conference Proceeding,cp,Conference Paper,21100229106,0,False,16175468,,265,,,,,,
121,true,"[{'@_fa': 'true', '@ref': 'self', '@href': 'https://api.elsevier.com/content/abstract/scopus_id/84979703543'}, {'@_fa': 'true', '@ref': 'author-affiliation', '@href': 'https://api.elsevier.com/content/abstract/scopus_id/84979703543?field=author,affiliation'}, {'@_fa': 'true', '@ref': 'scopus', '@href': 'https://www.scopus.com/inward/record.uri?partnerID=HzOxMe3b&scp=84979703543&origin=inward'}, {'@_fa': 'true', '@ref': 'scopus-citedby', '@href': 'https://www.scopus.com/inward/citedby.uri?partnerID=HzOxMe3b&scp=84979703543&origin=inward'}]",https://api.elsevier.com/content/abstract/scopus_id/84979703543,SCOPUS_ID:84979703543,2-s2.0-84979703543,Robust query processing in co-processor-accelerated databases,Breß S.,Proceedings of the ACM SIGMOD International Conference on Management of Data,"[{'@_fa': 'true', '$': '9781450335317'}]",1891-1906,2016-06-26,26 June 2016,10.1145/2882903.2882936,33,"[{'@_fa': 'true', 'affilname': 'German Research Center for Artificial Intelligence (DFKI)', 'affiliation-city': 'Kaiserslautern', 'affiliation-country': 'Germany'}]",Conference Proceeding,cp,Conference Paper,30611,0,False,07308078,,26-June-2016,,,,,,
122,true,"[{'@_fa': 'true', '@ref': 'self', '@href': 'https://api.elsevier.com/content/abstract/scopus_id/85050644720'}, {'@_fa': 'true', '@ref': 'author-affiliation', '@href': 'https://api.elsevier.com/content/abstract/scopus_id/85050644720?field=author,affiliation'}, {'@_fa': 'true', '@ref': 'scopus', '@href': 'https://www.scopus.com/inward/record.uri?partnerID=HzOxMe3b&scp=85050644720&origin=inward'}, {'@_fa': 'true', '@ref': 'scopus-citedby', '@href': 'https://www.scopus.com/inward/citedby.uri?partnerID=HzOxMe3b&scp=85050644720&origin=inward'}]",https://api.elsevier.com/content/abstract/scopus_id/85050644720,SCOPUS_ID:85050644720,2-s2.0-85050644720,Efficient stream processing of scientific data,Lindemann T.,"Proceedings - IEEE 34th International Conference on Data Engineering Workshops, ICDEW 2018","[{'@_fa': 'true', '$': '9781538663066'}]",140-145,2018-07-02,2 July 2018,10.1109/ICDEW.2018.00029,0,"[{'@_fa': 'true', 'affilname': 'Technische Universität Dortmund', 'affiliation-city': 'Dortmund', 'affiliation-country': 'Germany'}]",Conference Proceeding,cp,Conference Paper,21100870209,0,False,,,,,,,,,
123,,,,,,Measurement of sin 2β using charmonium and open charm decays at LHCb,,,,,,,,,,,,,,,,,,,,,,,,
