,address,language,pages,date,publisher,booktitle,title,author,ENTRYTYPE,idCode,editor,unmatched-author,note,number,volume,journal,unmatched-volume,unmatched-journal,source,institution,type,event,more-authors,organization,edition,unknown,unmatched-booktitle,url,unmatched-publisher
0,"New York, NY, USA",,435–448,2012,"ACM, Juni","Proceedings of the 10th international conference on Mobile systems, applications, and services",„CiAO/IP: A Highly Conﬁgurable Aspect-Oriented IP Stack“,"Borchert, C. and und O. Spinczyk, D.Lohmann",inproceedings,borchert2012a,,,,,,,,,,,,,,,,,,,
1,,,May,2013,ANSS’13. Society for Computer Simulation International,Proceedings of the 46th Annual Simulation Symposium,„MobiSIM: A Simulation Library for Resource Prediction of Smartphones and Wireless Sensor Networks“,"Buschhoﬀ, M. and Streicher, J. and Dusza, B. and und O. Spinczyk, C.Wietfeld",inproceedings,buschho2013a,,,,,,,,,,,,,,,,,,,
2,"Berlin, Heidelberg",,,2011,Springer-Verlag,Bd. 6904. Lecture Notes in Computer Science,„Towards Adjusting Mobile Devices To User’s Behaviour“. In: Analysis of Social Media and Ubiquitous Data. Hrsg,"Fricke, P. and Jungermann, F. and Morik, K. and Piatkowski, N. and Spinczyk, O. and und J. Streicher, M.Stolpe",incollection,fricke2011a,"von M. Atzmueller and Hotho, A. and und A. Chin, M.Strohmaier",,,,,,,,,,,,,,,,,,
3,,,,2012,Springer-Verlag,Lecture Notes in Computer Science 7271,Hofer und W. Schröder-Preikschat. „The Aspect-Aware Design and Implementation of the CiAO Operating-System Family“,"Lohmann, D. and Spinczyk, O. and W.",incollection,lohmann2012a,,"AOSD IX. Hrsg. von G. T. Leavens, S. Chiba, M. Haupt, K. Ostermann und E. Wohlstadter.",In: Transactions on,,,,,,,,,,,,,,,,
4,"Newcastle, UK",,May,2012,,,„Predicting Next Network Cell IDs for Moving Users with Discriminative and Generative Models“. In: Mobile Data Challenge by Nokia Workshop in conjunction with Int. Conf. on Pervasive Computing,"Michaelis, S. and und K. Morik, N.Piatkowski",misc,michaelis2012a,,,,,,,,,,,,,,,,,,,
5,,,,2012,,,„Multi-Objective Frequent Termset Cluste- ring“,"Morik, K. and Kaspari, A. and und M. Skirzynski, M.Wurst",article,morik2012a,,,,3,30,In: Knowledge and Information Systems,,,,,,,,,,,,,
6,,,May,2011,,"International Workshop on Big Learning, Neural Information Processing Systems (NIPS)",„Parallel Algorithms for GPU Accelerated Probabilistic Inference“,"Piatkowski, N.",incollection,piatkowski2011a,,,,,,,,,,,,,,,,,,,
7,,,,2013,,,„Spatio-Temporal Random Fields: Compressible Represen- tation and Distributed Estimation“,"Piatkowski, N. and und K. Morik, S.Lee",article,piatkowski2013a,,"Hrsg. von H. Blockeel, K. Kersting, S.",,1,93,In: Machine Learning Journal,S.,"Zelezny,",Nijssen und F,,,,,,,,,,
8,Fred,,May,2014,SciTePress,3rd International Conference on Pattern Recognition Applications and Methods,„The Integer Approximation of Undirected Graphical Mo- dels“,"Piatkowski, N. and und K. Morik, S.Lee",incollection,piatkowski2014a,"Marsico, ICPRAMvon M.De and und A, A.Tabbone",,,,,,,,,,,,,,,,,,
9,,,,2013,,Proceedings of the 3rd International Conference on Pervasive and Embedded Computing and Com- munication Systems (PECCS’13). SciTePress,„System Support for Privacy-preserving and Energy- eﬃcient Data Gathering in the Global Smartphone Network – Opportunities and Challenges“,"Streicher, J. and und O. Spinczyk, O.Nassour",inproceedings,streicher2013a,,,,,,,,,,,,,,,,,,,
10,,,May,2013,Andere Veröﬀentlichungen,Proceedings of the 4th International Workshop on Mining Ubiquitous and Social Environments,„Open Smartphone Data for Mobility and Utilization Analysis in Ubiquitous Environments“,"Streicher, J. and Piatkowski, N. and und O. Spinczyk, K.Morik",inproceedings,streicher2013b,"MUSEvon, M.",,,,,,,,Atzmüller und C. Scholz,,,,,,,,,,
11,,,May,2012,,,The Streams Framework,"und H. Blom, C.Bockermann",techreport,und2012a,,,,,,,,,,"Dortmund, Dez",Techn. Ber. 5. TU,,,,,,,,
12,"New York, NY, USA",,,2012,ACM,Proceedings of the 13th ACM Conference on Electronic,"„Approximate pure Nash equilibria in weighted congestion games: existence, eﬃcient computation, and structure“","Caragiannis, I. and Fanelli, A. and und A. Skopalik, N.Gravin",inproceedings,caragiannis2012a,,"Commerce. Hrsg. von B. Rovan, V. Sassone und P. Widmayer.",,,,,,,EC’12,,,,,,,,,,
13,,,,2013,,Proceedings of the 24th Symposium on Discrete Algorithms,„(1 + ε)-Approximation for Facility Location in Data Streams“,"Czumaj, A. and Lammersen, C. and und C. Sohler, M.Monemizadeh",inproceedings,czumaj2013a,,"(SODA). Hrsg. von S. Khanna. SIAM,",,,,,,,,,,,,,,,,,
14,,,May,2012,,Proceedings of the 37th International Symposium on Mathematical Foundations of Computer,„On the Impact of Fair Best Response Dynamics“,"Fanelli, A. and und A. Skopalik, L.Moscardelli",inproceedings,fanelli2012a,,"Science. Hrsg. von B. Faltings, K. Leyton-Brown und P. Ipeirotis. Springer,",,,,,,,,,,,,,,,,,
15,,,,2013,,Proceedings of the 24th Symposium on Discrete Algorithms,"„Turning Big Data into Tiny Data: Constant-size Coresets for k-means, PCA and Projective Clustering“","Feldman, D. and und C. Sohler, M.Schmidt",inproceedings,feldman2013a,,"(SODA). Hrsg. von S. Khanna. SIAM,",,,,,,,,,,,,,,,,,
16,,,May,2013,F. Italiano. Springer,,„BICO: Birch meets Coresets for k-means“. In: Proceedings of the 21st European Symposium on Algorithms (ESA). Hrsg. von H. L. Bodlaender und G,,inproceedings,h2013a,,,,,,,,,,,,,,,,,,,
17,"Genova, Italy",,,2010,Juni,Proc. of the 2010 Int’l Conference on Distributed Computing Systems (ICDCS),„A Spinning Join That Does Not Get Dizzy“,"Frey, P.W. and Goncalves, R. and und J. Teubner, M.L.Kersten",incollection,frey2010a,,,,,,,,,,,,,,,,,,,
18,,,,2012,,,„Resilient K-d Trees: K-Means in Space Revisited“,"Gieseke, F. and und J. Vahrenhold, G.Moruz",article,gieseke2012a,,,,2,6,In: Frontiers of Computer Science,,,,,,,,,,,,,
19,,,,2012,,Proceedings of the 20th International Conference on Advances in Geographic Information Systems,Motifs and Goals: Mining Trajectory Data“,"J. Gudmundsson, A. Thom und J. Vahrenhold. „Of",inproceedings,j2012a,,"(SIGSPATIAL). Hrsg. von E. Tanin, P. Kröger und P. Widmayer. ACM,",,,,,,,,,,,,,,,,,
20,,,,2012,,Proceedings of the 28th European Workshop on Computational Geometry,„Revisiting the Construction of SSPDs in the Presence of Memory Hierarchies“,"und J. Vahrenhold, S.Temme",inproceedings,und2012b,,G. Liotta.,Hrsg. von W. Didimo und,,,,,,,,,,,,,,,,
21,"Athens, Greece",,,2011,Juni,Proc. of the 2011 ACM SIGMOD Conference on Management of Data,„How Soccer Players Would Do Stream Joins“,"und R. Müller, J.Teubner",incollection,und2011a,,,,,,,,,,,,,,,,,,,
22,,,,2012,,Proceedings of the,„On the Space-Eﬃciency of the Ultimate Planar Convex Hull Algorithm“,"Vahrenhold, J.",inproceedings,vahrenhold2012a,,(CCCG). Hrsg. von G. Aloupis und D. Bremner.,,,,,,,,,,24th Canadian Conference on Computational Geometry,,,,,,,
23,,,May,2012,,,„Parallelisierung von Clusteralgorithmen“. Bachelorarbeit,"Bulinski, M.",incollection,bulinski2012a,,,,,,,,,"TU Dortmund,",,,,,,,,,,
24,,,,2013,,,„Detection of Patient Subgroups with Diﬀerential Expression in Omics Data: A Comprehensive Comparison of Univariate Measures“,"Ahrens, M.",article,ahrens2013a,,,,11,8,In: PLoS ONE,,,,,,,true,,,,,,
25,"Montreal, Canada, Okt",,May,2013,,"Proceedings of the Sixteenth Interna- tional Conference on Compilers, Architectures, and Synthesis for Embedded Systems (CASES",„Automatic Extraction of Pipeline Paral- lelism for Embedded Heterogeneous Multi-Core Platforms“,"Cordes, D. and Engel, M. and und P. Marwedel, O.Neugebauer",inproceedings,cordes2013a,,,,,,,,,,,,,,,,,,,
26,"Lyon, France, Okt",,May,2013,,Proceedings of the Fourth International Workshop on Parallel Software Tools and Tool Infrastructures (PSTI,„Automatic Extraction of Task-Level Parallelism for Heterogeneous MPSoC“,"Cordes, D. and Engel, M. and und P. Marwedel, O.Neugebauer",inproceedings,cordes2013b,,,,,,,,,,,,,,,,,,,
27,"Taipei, Taiwan",,,2011,,"Proceedings of the International Conference on Compilers, Architectures and Synthesis for Embedded Systems (CASES)",„WCET-driven Cache-aware Code Positioning“,"und H. Kotthaus, H.Falk",inproceedings,und2011b,,,,,,,,,,,,,,Okt,,,,,
28,,,,2011,,,„Survival Models with Preclustered Gene Groups as Covariates“,"Kammers, K. and Lang, M. and Hengstler, J.G. and und J. Rahnenführer, M.Schmidt",article,kammers2011a,,,,1,12,In: BMC Bioinformatics,,,,,,,,,,,,,
29,"Nashville, Tennessee, USA",,,2012,Juni,Abstract Booklet of the 8th International R User Conference (UseR!),„A JVM-based Compiler Strategy for the R Language“,"Kotthaus, H. and und P. Marwedel, S.Plazar",incollection,kotthaus2012a,,,,,,,,,,,,,,,,,,,
30,,,May,2014,,,„Runtime and Memo- ry Consumption Analyses for Machine Learning R Programs“,"Kotthaus, H. and Korb, I. and Lang, M. and Bischl, B. and und P. Marwedel, J.Rahnenführer",article,kotthaus2014a,,,,,,In: Journal of Statistical Computation and Simulation,,,,,,,,,,,,,
31,,,,2014,Andere Veröﬀentlichungen,,Rahnenführer und B. Bischl. „Automatic model selection for high-dimensional survival analysis“,"Lang, M. and Kotthaus, H. and Marwedel, P. and Weihs, C. and J.",article,lang2014a,,,,,,In: Journal of Statistical Computation and Simulation ahead-of-print,,,,,,,,,,,,,
32,,,May,2012,,,Rahnenführer und C. Weihs. Computing on High Perfor- mance Clusters with R: Packages BatchJobs and BatchExperiments. Techn. Ber. 1,"Bischl, B. and Lang, M. and Mersmann, O. and J.",incollection,bischl2012a,,,,,,,,,"TU Dortmund,",,,,,,,,,,
33,,,May,2013,,,„Automatic Parallelization for Embedded Multi-Core Systems using High-Level Cost Models“,"Cordes, D.A.",incollection,cordes2013c,,,,,,,,,"Diss. TU Dortmund,",,,,,,,,,,
34,,,May,2013,,,„Vorhersage der Überlebenswahrscheinlichkeit für Patientenuntergruppen mit hochdi- mensionalen Daten am Beispiel zweier Lungenkrebskohorten“,"Netzer, C.",incollection,netzer2013a,,,,,,,,,"Diss. TU Dortmund,",,,,,,,,,,
35,,,May,2012,,,„Memory-based Optimization Techniques for Real-Time Systems“. Diss,"Plazar, S.",incollection,plazar2012a,,,,,,,,,"TU Dortmund, Juli",,,,,,,,,,
36,"New York, NY, USA",,,2012,"ACM, Juni","Proceedings of the 10th international conference on Mobile systems, applications, and services",„CiAO/IP: A Highly Conﬁgurable Aspect-Oriented IP Stack“,"Borchert, C. and und O. Spinczyk, D.Lohmann",inproceedings,borchert2012b,,,,,,,,,,,,,,,,,,,
37,,,,2012-08,,,„A uniﬁed approach for online and oﬄine estima- tion of sensor platform energy consumption“,"Buschhoﬀ, M. and und O. Spinczyk, C.Günter",article,buschho2012a,,,,,,In: Wireless Communications and Mobile Computing Conference (IWCMC),,"International. IEEE,",1158,,,,,,8th,,,,
38,,,May,2013,Springer Berlin Heidelberg,Lecture Notes in Computer Science,"„MIMOSA, a Highly Sensitive and Accurate Power Measurement Technique for Low-Power Systems“. In: Real-World Wireless Sensor Networks","Buschhoﬀ, M. and und O. Spinczyk, C.Günter",incollection,buschho2013b,,,,,,,,,,,,,,,,,,,
39,,,May,2013,ANSS’13. Society for Computer Simulation International,Proceedings of the 46th Annual Simulation Symposium,„MobiSIM: A Simulation Library for Resource Prediction of Smartphones and Wireless Sensor Networks“,"Buschhoﬀ, M. and Streicher, J. and Dusza, B. and und O. Spinczyk, C.Wietfeld",inproceedings,buschho2013c,,,,,,,,,,,,,,,,,,,
40,"Ottawa, Canada",,May,2012,"IEEE, Juni",Proc. of the IEEE International Conference on Communications (ICC),„Utilizing Unused Network Capacity for Battery Lifetime Extension of LTE Devices“,"Dusza, B. and und C. Wietfeld, C.Ide",incollection,dusza2012a,,,,,,,,,,,,,,,,,,,
41,,,May,2014-01,,"Proc. of the IEEE Consumer Communications and Networking Conference. Las Vegas, USA",„A Context-Aware Battery Lifetime Model for Carrier Aggregation Enabled LTE-A Systems“,"Dusza, B. and Marwedel, P. and und C. Wietfeld, O.Spinczyk",incollection,dusza2014a,,,,,,,,,,,,,,,,,,,
42,,,,2013,Wiley 24.6 (Okt,,Cheng und C. Wietfeld. „CoPoMo: A Context-Aware Power Consumption Model for LTE User Equipment“. In: Transactions on Emerging Telecommunications Technologies (ETT),"Dusza, B. and Ide, C. and L.",book,dusza2013a,,,,,,,,,,,,,,,,,,,
43,"Cagliari, Italy",,May,2013,Juli,Proc. of the 9th IEEE International Wireless Communications and Mobile Computing Conference (IWCMC,Boek und C. Wietfeld. „Optimized Cross-Layer Protocol Choices for LTE in High-Speed Vehicular Environments“,"Dusza, B. and Ide, C. and P.-B.",incollection,dusza2013b,,,,,,,,,,,,,,,,,,,
44,,,May,2012,,,"Bich und M. ten Hompel. „Entwicklung von energieautarken, intelli- genten Ladehilfsmitteln am Beispiel des inBin“","Emmerich, J. and Roidl, M. and T.",article,emmerich2012a,,,,,,In: Logistics Journal,,,,,,,,,,,,,
45,,,May,2013,,,Jung und M. ten Hompel. „Analytische Stauprognose in Stetigfördersystemen im Rahmen der Systemplanung“,E.-N.,article,e2013a,,,,,,In: Logistics Journal,,,,,,,,,,,,,
46,,,,2011,,Proc. of the IEEE International Conference on Industrial,Soter und M. ten Hompel. „Survey on energy eﬃciency measurements in heterogenous facility logistics systems“,"Prasse, C. and Kamagaew, A. and Gruber, S. and Kalischewski, K. and S.",incollection,prasse2011a,,,,,,,,,,,,,,Engineering and Engineering Management (IEEM). IEEE,,,,,
47,,,,2013,,,Roidl und M. ten Hompel. „Towards Agile and Flexible Air Cargo Processes with Localization Based on RFID and Complex Event Processing“. In: Dynamics in Logistics. Hrsg,"Rüdiger, D. and M.",article,ruediger2013a,,"H.-J. Kreowski, B.",,,,Thoben. Lecture Notes in Logistics. Springer Berlin Heidelberg,,,Scholz-Reiter und K.-D,,,,,,,von,,,
48,,,,2012,,,„Dynamic policy adaptation for inference control of queries to a propositional infor- mation system“,"Biskup, J.",article,biskup2012a,,,,5,20,In: Journal of Computer Security,,,,,,,,,,,,,
49,,,,2013,,,„On Inference-Proof View Processing of XML Documents.“In: IEEE Tran- sactions on Dependable and Secure Computing 10.2,"und L. Li, J.Biskup",misc,und2013a,,,,,,,,,,,,,,,,,,,
50,,,,2013,Springer,Proceedings of the Annual IFIP WG 11.3 Conference on Data and Applications Security and Privacy XXVII (DBSec,„Database Fragmentation with Encryption: Under Which Semantic Constraints and A Priori Knowledge Can Two Keep a Secret?“In,"und M. Preuß, J.Biskup",inproceedings,und2013b,,Hrsg. von L. Wang und B. Shaﬁq. Bd. 7964.,,,,,,,,,,,,,,,Lecture Notes in Computer Science.,,
51,,,,2014,Springer,Bd. 8364. Lecture Notes in Computer Science,„Idea: Towards a Vision of Engineering Controlled Interaction Execution for Information Services“. In: Engineering Secure Software and Systems (ESSoS 2014). Hrsg,"und C. Tadros, J.Biskup",incollection,und2014a,"von J. Jürjens and und N. Bielova, F.Piessens",,,,,,,,,,,,,,,,,,
52,,,,2013,,,„Preserving conﬁdentiality while reacting on iterated queries and belief revisions“,"und C. Tadros, J.Biskup",article,und2013c,,,,,,In: Annals of Mathematics and Artiﬁcial Intelligence,,,,,,,,,,,,,
53,,,,2014,Springer,Proceedings of the 8th International Symposium on Foundations of Information and Knowledge Systems,„Reasoning on Secrecy Constraints under Uncertainty to Classify Possible Actions“,"Biskup, J. and Kern-Isberner, G. and und C. Tadros, P.Krümpelmann",inproceedings,biskup2014a,,Hrsg. von C. Beierle und C. Meghini. Bd.,,,2014,,,,,,,,,,,,8367. Lecture Notes in Computer Science.,,
54,,,,2012,Springer,Data and Applications Security and Privacy XXVI - 26th Annual IFIP WG,„Signature-Based Inference- Usability Conﬁnement for Relational Databases under Functional and Join Dependencies“,"Biskup, J. and Hartmann, S. and Link, S. and und T. Schlotmann, J.-H.Lochner",article,biskup2012b,,"Conference. Hrsg. von N. Cuppens-Boulahia, F.",,3,11,Cuppens und J. García-Alfaro. Bd,7371.,,,,,,,,,,Lecture Notes in Computer Science. IFIP WG 11.3.,,
55,,,,2012,Springer,Proceedings of the 13th European Conference on Logics in Artiﬁcial Intelligence (JELIA’12). Bd. 7519. Lecture Notes in Artiﬁcial Intelligence,„Belief Base Change Operations for Answer Set Program- ming“,"und G. Kern-Isberner, P.Krümpelmann",inproceedings,und2012c,,,,,,,,,,,,,,,,,,,
56,,,,2013,Springer,Proceedings of the 11th German Conference on Multi-Agent System Technolo- gies,„Secrecy preserving BDI Agents based on Answerset Programming“,"und G. Kern-Isberner, P.Krümpelmann",inproceedings,und2013d,,"Hrsg. von M. Klusch, M. M. Paprzycki. Bd.",,,13,,,,,,,,,,,Thimm und,8076. Lecture Notes in Computer Science.,,
57,,,May,2013,Simari. College Publications,,„Credibility-based Selective Revision by Deductive Argumentation in Multi-agent Systems“. In: Trends in Belief Revision and Argumentation Dynamics,"Tamargo, L.H. and Thimm, M. and Krümpelmann, P. and García, A.J. and Falappa, M.A. and und G. Kern-Isberner, G.R.Simari",book,tamargo2013a,"von E. L. Ferme and und G. R, D.M.Gabbay",,,,,,,,,,,,,,,,,,
58,TU Dortmund,,May,2014,,,Angerona - A Multiagent Framework for Logic Based Agents with Application to Secrecy Preservation,"Krümpelmann, P. and und G. Kern-Isberner, T.Janus",article,kruempelmann2014a,,,,,3,Techn. Ber,,,,,,,,,,,,,
59,"Chicago, IL, USA",,May,2013-08,Learning with Graphs (MLG,Working Notes of the International Workshop on Mining and,Kersting und B. Rastegarpanah. „The Weibull as a Model of Shortest Path Distributions in Random Networks“,"Bauckhage, C. and K.",incollection,bauckhage2013a,,,,,,,,,KDD,,,,,,,,,at,
60,,,,2009,,,„Testing Hereditary Properties of Nonexpanding Bounded- Degree Graphs“,"Czumaj, A. and und C. Sohler, A.Shapira",article,czumaj2009a,,,,6,38,In: SIAM J. Comput,,,,,,,,,,,,,
61,,,,2010,,,„Testing Expansion in Bounded-Degree Graphs“,"und C. Sohler, A.Czumaj",article,und2010a,,,,5-6,19,"In: Combinatorics, Probability & Computing",,,,,,,,,,,,,
62,,,,2011,,Proceedings of the 52nd Annual IEEE Symposium on Foundations of Computer Science,„Planar Graphs: Random Walks and Bipar- titeness Testing“,"Czumaj, A. and Monemizadeh, M. and und C. Sohler, K.Onak",inproceedings,czumaj2011a,,,,,,,,,,,,,,,,,,,
63,,,May,2013,GRAPP & IVAPP,Proc. Int. Conf. Computer Graphics Theory and Applications and In- ternational Conference on Information Visualization Theory and Applications,„MolMap – Visualizing Molecule Libraries as Topographic Maps“,"Gronemann, M. and Jünger, M. and und N. Kriege, P.Mutzel",incollection,gronemann2013a,,,,,,,,,,,,,,,,,,,
64,,,May,2014,AAAI Press,Proceedings of the Twenty-Eighth AAAI Conference on Artiﬁcial Intelligence,„Power Iterated Color Reﬁnement“,"Kersting, K. and Mladenov, M. and und M. Grohe, R.Garnett",inproceedings,kersting2014a,,Hrsg. von C.,,,14,,,,Brodley und P. Stone,,,,,,,,,,
65,,,,2011-04,,IEEE 27th Int. Conf. on Data Engineering (ICDE),„CT-index: Fingerprint-based Graph Indexing Combining Cycles and Trees“,"Klein, K. and und P. Mutzel, N.Kriege",incollection,klein2011a,,,,,,,,,1126,,,,,,,,,,
66,,,May,2012,Omnipress,Proc. of the 29th Int. Conf. on Machine Learning (ICML),„Subgraph Matching Kernels for Attributed Graphs“,"und P. Mutzel, N.Kriege",incollection,und2012d,,,,,,,,,,,,,,,,,,,
67,,,,2006,,,„An Algorithmic Framework for the Exact Solution of the Prize-Collecting Steiner Tree Problem“,"Ljubić, I. and Weiskircher, R. and Pferschy, U. and Klau, G. and und M. Fischetti, P.Mutzel",article,ljubi2006a,,,,,105,In: Mathematical Programming Series B,,,,,,,,,,,,,
68,,,,2013,,Asian Conference on Machine Learning,„Coinciding Walk Kernels: Parallel Absorbing Ran- dom Walks for Learning with Graphs and Few Labels“,"Neumann, M. and und K. Kersting, R.Garnett",inproceedings,neumann2013a,,,,,,,,,,,,,,ACML). Bd. 29. JMLR Proceedings,,,,,
69,,,,2012,,"Proceedings of the European Conference on Machine Learning and Knowledge Discovery in Databases (ECML PKDD), Part",„Eﬃcient Graph Kernels by Randomiza- tion“,"Neumann, M. and Patricia, N. and und K. Kersting, R.Garnett",inproceedings,neumann2012a,,,,,,,,,,,,,,,,,,,
70,,,,2013,,,„Every Property of Hyperﬁnite Graphs Is Testable“,"und C. Sohler, I.Newman",article,und2013e,,,,3,42,In: SIAM J. Comput,,,,,,,,,,,,,
71,,,,2011,,,„Signiﬁcant diﬀerent volatile biomarker during bronchoscopic ion mobility spectrometry investigation of patients suﬀering lung carcinoma“,"Baumbach, J.",article,baumbach2011a,,,,,14,In: International Journal for Ion Mobility Spectrometry,,,,,,,true,,,,,,
72,,,,2014-01,,,„A modular computational framework for automated peak extraction from ion mobility spectra“,"D’Addario, M. and Kopczynski, D. and und S. Rahmann, J.I.Baumbach",article,d2014a,,,,1,15,In: BMC Bioinformatics,,,,,,,,,,,,,
73,,,,2014,,,„Ion mobility spectrometry in breath research“,"Fink, T. and und S. Kreuer, J.I.Baumbach",article,fink2014a,,,,2,8,In: Journal of Breath Research,,,,,,,,,,,,,
74,,,,2013,In: Metabolites 3.2,,„Peak Detection Method Evaluation for Ion Mobility Spectrometry by Using Machine Learning Approaches“,,book,a2013a,,,,,,,,,,,,,,,,,,,
75,,,,2012,,,„Ion mobility spectrometry for microbial volatile organic compounds: A new pathogen iden- tiﬁcation tool by smelling human pathogenic bacteria“,"Jünger, M. and Vautz, W. and Kuhns, M. and Hofmann, L. and Ulbricht, S. and Baumbach, J.I. and und T. Perl, M.Quintel",article,juenger2012a,,,,6,93,In: Applied Microbiology and Biotechnology,,,,,,,,,,,,,
76,,,,2012,,"Signal Processing Conference (EUSIPCO), 2012 Proceedings of the 20th",„Peak modeling for Ion mobility spectrometry measurements“,"Kopczynski, D. and und S. Rahmann, J.I.Baumbach",inproceedings,kopczynski2012a,,,,,,,,,,,,,,European. IEEE,,,,,
77,,,,2012,,,„Snakemake: a scalable bioinformatics workﬂow engine“. In: Bioin- formatics 28.19,"und S. Rahmann, J.Köster",misc,und2012e,,,,,,,,,,,,,,,,,,,
78,,,,2011,,,„Correlation analysis on data sets to detect infectious agents in the airways by ion mobility spectrometry of exhaled breath“,"Maddula, S. and Rabis, T. and Sommerwerck, U. and Anhenn, O. and Darwiche, K. and Freitag, L. and und J. I. Baumbach, H.Teschler",article,maddula2011a,,,,4,14,In: International Journal for Ion Mobility Spectrometry,,,,,,,,,,,,,
79,,,May,2013,,,„An Integrative Clinical Database and Diagnostics Platform for Biomarker Identiﬁcation and Analysis in Ion Mobility Spectra of Human Exhaled Air“,"Schneider, T. and Hauschild, A.-C. and und J. Baumbach, J.I.Baumbach",article,schneider2013a,,,,2,10,In: Journal of Integrative Bioinformatics,,,,,,,,,,,,,
80,,,May,2011,,,„Statistical and bioin- formatical methods to diﬀerentiate chronic obstructive pulmonary disease (COPD) including lung cancer from healthy control by breath analysis using ion mobility spectrometry“,"Westhoﬀ, M. and Litterst, P. and Maddula, S. and und J. I. Baumbach, B.Bödeker",article,westho2011a,,,,,,In: International Journal for Ion Mobility Spectrometry,,,Andere Veröﬀentlichungen,,,,,,,,,,
81,"Edinburgh, Scotland",,May,2011,,,Inﬂuence of Room Air and Operational Background Emissions on Breath Analysis Using MCC/IMS,"Cumeras, R. and Rupp, K. and Schneider, T. and Favrod, P. and und J. I. Baumbach, S.Maddula",misc,cumeras2011a,,,,,,,,,,,,20th Annual conference on Ion Mobility Spectrometry,,,,,,,
82,,,May,2011-09,,,„Analytical Features of Particle Coun- ting Sensor based on Plasmon assisted Microscopy of Nano Objects“. In: Sensors and Actuators B,"Gurevich, E.L. and Temchura, V. and und A. Zybin, K.Überla",article,gurevich2011a,,,1210 –1215,1,160,Chemical B,,,,,,,,,,,,,
83,,,,2013,,,Siedhoﬀ und F. Weichert. „Energy-aware Design Space Exploration for GPG- PUs“,"Libuschewski, P. and D.",article,libuschewski2013a,,,,,,In: Computer Science - Research and Development,,,,,,,,,,,,,
84,,,,2012,Springer-Verlag,Lecture Notes in Informatics,„Parameteroptimierte und GPGPU-basierte Detekti- on viraler Strukturen innerhalb Plasmonen-unterstützter Mikroskopiedaten“. In: Bildverarbeitung für die Medizin,"Libuschewski, P. and und F. Weichert, C.Timm",incollection,libuschewski2012a,,,,,,,,,,,,,,,,,,,
85,,,,2013,,Proceedings of the In- ternational Joint Conference on Biomedical Engineering Systems and Technologies (BIOSIGNALS),Real- time capable Detection of Biological Viruses Using a Portable Biosensor“,,inproceedings,p2013a,,,,,,,,,,,,,,,,,,,
86,,,,2013,,,„Mobile Detektion viraler Pathogene durch echtzeitfähige GPGPU-Fuzzy-Segmentierung“,"Libuschewski, P. and Siedhoﬀ, D. and und F. Weichert, C.Timm",article,libuschewski2013b,,,,,,In: Bildverarbeitung für die Medizin 2013,,,,,,,,,,,,,
87,,,,2012,,,„Application of Surface Plasmon Resonance (SPR) for the detection of single viruses and single biological nano-objects“,"Shpacovitch, V.",article,shpacovitch2012a,,,,7,3,In: Journal of Bacteriology and Parasitology,,,,,,,,,,,,,
88,,,May,2011,,,„Detection and Classiﬁcation of Nano- Objects in Biosensor Data“. In: Microscopic Image Analysis with Applications in,"Siedhoﬀ, D. and Weichert, F. and und C. Timm, P.Libuschewski",article,siedho2011a,,,,,,Biology,,,,,,,,,,,,,
89,,,,2014,,,„Modellierung und Optimierung eines Biosensors zur Detektion viraler Strukturen“. In: Bildverarbeitung für die Medizin,"Siedhoﬀ, D. and Libuschewski, P. and Weichert, F. and Zybin, A. and und H. Müller, P.Marwedel",article,siedho2014a,,,,,,Lecture Notes in Informatics. Springer-Verlag,,,,,,,,,,,,,
90,"Orlando, Florida, USA",,,2011,IIIS,"Proceedings of the 15th World Multi-Conference on Systemics, Cybernetics and Informatics: WMSCI",„Improving Nanoobject Detection in Optical Biosensor Data“,"Timm, C. and Libuschewski, P. and Siedhoﬀ, D. and Weichert, F. and und P. Marwedel, H.Müller",inproceedings,timm2011a,,Hrsg. von N. e. a. Callaos. Bd.,,,,,,,II,,,,,,,,,,
91,In,,,2013,Real-Time Systems (ECRTS,,„Computation Oﬄoading for Frame-Based Real-Time Tasks with Re- source Reservation Servers“,"und J.-J. Chen, A.Toma",article,und2013f,,,,,,IEEE,,,25th Euromicro Conference on,,,,,,,,,,
92,,,,2013,Andere Veröﬀentlichungen,Proceedings of the 28th Annual ACM Symposium on Applied,„Computation Oﬄoading for Real-Time Systems“,"und J.-J. Chen, A.Toma",inproceedings,und2013g,,,,,,,,,,,,,,Computing. ACM,,,,,
93,,,May,2012,,,„Resource Eﬃcient Processing and Communication in Sensor/Actuator Environments“. Dissertation,"Timm, C.",incollection,timm2012a,,,,,,,,,"TU Dortmund,",,,,,,,,,,
94,"Berlin, Heidelberg",,May,2013,Springer,,„Distributed Data Mining in Sensor Networks“. In: Managing and Mining Sensor Data. Hrsg,"und M. Stolpe, K.Bhaduri",book,und2013h,von C. C. Aggarwal,,,,,,,,,,,,,,,,,,
95,,,,2013,,,„Systematic Procedure for leveling of low volume and high mix production“,"Bohnen, F. and und J. Deuse, M.Buhl",article,bohnen2013a,,,,1,6,In: CIRP Journal od Manufacturing Science and Technology,,,,,,,,,,,,,
96,"Berlin, Heidelberg",,,2013,Springer-Verlag,Lecture Notes in Production Engineering,„Using a Clustering Approach with Evolutionary Optimized Attribute Weights to Form Product Families for Production Leveling“. In: Robust Manu- facturing Control. Hrsg,"Bohnen, F. and Stolpe, M. and und K. Morik, J.Deuse",incollection,bohnen2013b,von K. Windt,,,,,,,,,,,,,,,,,,
97,,,,2013,,,"„Renaissance of Group Technology: Reducing Variability to Match Lean Production Prerequisites“. In: Manufacturing Modelling, Management, and Control","Deuse, J. and und F. Bohnen, B.Konrad",article,deuse2013a,"von N. Bakhtadze and Chernyshov, K. and A.",V.,Dolgui und,,,Lototsky. Bd,,,,,,,,,,,,,
98,"Berlin, Heidelberg",,,2013,Springer-Verlag,Lecture Notes in Production Engineering. CIRP,„Striving for Zero Defect Production: Intelligent Manufactu- ring Control through Data Mining in Continuous Rolling Mill Processes“. In: Robust Manufacturing Control. Hrsg,"Konrad, B. and und J. Deuse, D.Lieber",incollection,konrad2013a,von K. Windt,,,,,,,,,,,,,,,,,,
99,"Berlin, Heidelberg",,,2012,Springer-Verlag,Bd. 7524. Lecture Notes in Computer Science,„Separable Approximate Optimization of Support Vector Machines for Distributed Sensing“. In: Machine Learning and Knowledge Discovery in Databases. Hrsg,"Lee, S. and und K. Morik, M.Stolpe",incollection,lee2012a,"von P. Flach and und N. Cristianini, T.D.Bie",,,,,,,,,,,,,,,,,,
100,,,May,2013,,,Deuse. „Wissensentdeckung im industriellen Kontext - Herausforde- rungen und Anwendungsbeispiele“,"Lieber, D. and und J, O.Erohin",article,lieber2013a,,,,,,In: Zeitschrift für wirtschaftlichen Fabrikbetrieb (ZWF),,,,,,,,,,,,,
101,,,,2013,Elsevier,Procedia CIRP - 46th CIRP Conf. on Manufacturing Systems. Bd. 7,„Quality Prediction in Interlinked Manufacturing Processes based on Supervised & Unsupervised Machine Learning“,"Lieber, D. and Stolpe, M. and Konrad, B. and und K. Morik, J.Deuse",incollection,lieber2013b,,,,,,,,,,,,,,,,,,,
102,,,,2011,,,„Verkehrs- forschung in der Produktionsﬂussanalyse - Übertragung von Modellen der statistischen Physik auf die Analyse von Produktionssystemen“. In: ZWF - Zeitung für wirtschaftlichen Fabrikbetrieb 106.11,"Maschek, T. and Konrad, B. and Deuse, J. and Hermanns, G. and und M. Schreckenberg, D.Weber",misc,maschek2011a,,,,,,,,,,,,,,,,,,,
103,"Berlin, Heidelberg",,,2011,Springer-Verlag,Bd. 6913. Lecture Notes in Computer Science,„Learning from Label Proportions by Optimizing Cluster Model Se- lection“. In: Machine Learning and Knowledge Discovery in Databases. Hrsg,"und K. Morik, M.Stolpe",incollection,und2011c,"von D. Gunopulos and Hofmann, T. and und M. Vazirgiannis, D.Malerba",,,,,,,,,,,,,,,,,,
104,,,,2013,,"Machine Learning and Knowledge Discovery in Databases - European Conference, ECML PKDD",„Anomaly Detection in Vertically Partitioned Data by Distributed Core Vector Machines“,"Stolpe, M. and Bhaduri, K. and und K. Morik, K.Das",incollection,stolpe2013a,"von H. Blockeel and Kersting, K. and S.",,,,,,,,,,,,,,,Nijssen und F. Zelezný. Springer,,,
105,,,May,2011,,Proceedings of the Next Generation Data Mining Summit (NGDM),„Challenges for Data Mining on Sensor Data of Interlinked Processes“,"Stolpe, M. and Morik, K. and Konrad, B. and und J. Deuse, D.Lieber",inproceedings,stolpe2011a,,,,,,,,,,,,,,,,,,,
106,Poland,,May,2014,,accepted for presentation at 11th International Conference on Cellular Automata for Research and Industry (ACRI). Krakow,„Asymmetric Lane Change Rules for a Microscopic Highway Traﬃc Model“,"und M. Schreckenberg, L.Habel",incollection,und2014b,,,,,,,,,,,,,,,,,,,
107,"Ottawa, Canada",,,2012,IEEE,Proc. of IEEE International Conference on Communications (ICC),Putzke und C. Wietfeld. „Channel Sensitive Transmission Scheme for V2I-based Floating Car Data Collection via LTE“,"Ide, C. and Dusza, B. and M.",incollection,ide2012a,,,,,,,,,,,,,,,,,,,
108,Canada,,,2012,IEEE,Proc. of IEEE 76th Vehicular Technology Conference (VTC-Fall). Québec City,Schreckenberg und C. Wietfeld. „Eﬃcient Floating Car Data Transmission via LTE for Travel Time Estimation of Vehicles“,"Ide, C. and Knaup, T. and Niehoefer, B. and Weber, D. and Habel, L. and M.",incollection,ide2012b,,,,,,,,,,,,,,,,,,,
109,,,May,2014,,"Proc. of IEEE 79th Vehicular Technology Conference (VTC-Spring). Seoul, Korea",Schreckenberg und C. Wietfeld. „Interaction between Machine- Type Communication and H2H LTE Traﬃc in Vehicular Environments“,"Ide, C. and Habel, L. and Knaup, T. and M.",incollection,ide2014a,,,,,,,,,,,,,,,,,,,
110,,,,,,,Rehborn und M. Schreckenberg. „Synchronized ﬂow in oversaturated city traﬃc“,"Kerner, B.S. and Klenov, S.L. and Hermanns, G. and Hemmerle, P. and H.",article,kerner-a,,,,5,88,In: Phys. Rev. E,,,,,,,,,,,,,
111,"Vancouver, Canada",,,2011,IEEE,Proc. of IEEE 11th International Conference on Data Mining (ICDM),„Learning Markov Logic Networks via Func- tional Gradient Boosting“,"Khot, T. and Natarajan, S. and und J. Shavlik, K.Kersting",incollection,khot2011a,,,,,,,,,,,,,,,,,,,
112,,,,2011,,,„Verkehrs- forschung in der Produktionsﬂussanalyse - Übertragung von Modellen der statistischen Physik auf die Analyse von Produktionssystemen“. In: ZWF - Zeitung für wirtschaftlichen Fabrikbetrieb 106.11,"Maschek, T. and Konrad, B. and Deuse, J. and Hermanns, G. and und M. Schreckenberg, D.Weber",misc,maschek2011b,,,,,,,,,,,,,,,,,,,
113,,,,2012,,,„Gradient–based Boosting for Statistical Relational Learning: The Relational Dependency Network Case“,"Natarajan, S. and Khot, T. and Kersting, K. and und J. Shavlik, B.Gutmann",article,natarajan2012a,,,,1,86,In: Mach. Learn,,,,,,,,,,,,,
114,"Miami, USA",,,2009,IEEE,Proc. of IEEE 9th International Conference on Data Mining (ICDM),„Stacked Gaussian Process Learning“,"Neumann, M. and Kersting, K. and und D. Schulz, Z.Xu",incollection,neumann2009a,,,,,,,,,,,,,,,,,,,
115,"Rome, Italy",,,2012,IEEE,Proc. of IEEE,Lehnhausen und C. Wietfeld. „Optimizing-Strategies for a Time-Eﬃcient Eva- luation of Position-Speciﬁc Communication Aspects in Disaster Relief Scenarios“,"Niehoefer, B. and S.",incollection,niehoefer2012a,,,,,,,,,,,,1st AESS European Conference on European Satellite Telecommunications (ESTEL,,,,,,,
116,USA,,May,2014,,Proc. of IEEE Aerospace Conference (AEROSPACE). Big Sky,Lehnhausen und C. Wietfeld. „Cloud-aided SDR Solution for Lane-Speciﬁc Vehicle Positioning via Local Interference Compensation“,"Niehoefer, B. and Schweikowski, F. and S.",incollection,niehoefer2014a,,,,,,,,,,,,,,,,,,,
117,"San Francisco, USA",,May,2014,,Proc. of 51st ACM/EDAC/IEEE Design Automation Conference (DAC),„Resource Eﬃcient Mobile Communications for Crowd- Sensing“,"Wietfeld, C. and und B. Dusza, C.Ide",incollection,wietfeld2014a,,,,,,,,,,,,,,,,,,,
118,"Berlin, Heidelberg",,,2012,Springer-Verlag,Bd. 7524. Lecture Notes in Computer Science,„Separable Approximate Optimization of Support Vector Machines for Distributed Sensing“. In: Machine Learning and Knowledge Discovery in Databases. Hrsg,"Lee, S. and und K. Morik, M.Stolpe",incollection,lee2012b,"von P. Flach and und N. Cristianini, T.D.Bie",,,,,,,,,,,,,,,,,,
119,,,,2012,,International Conference on Pattern Recognition Applications and Methods (ICPRAM,„ASSET: Approximate Stochastic Subgradient Estimation Training for Support Vector Machines“,"und S. J. Wright, S.Lee",incollection,und2012f,,,,,,,,,,,,,,,,,,,
120,,,,2012,,,„Manifold Identiﬁcation in Dual Averaging Methods for Regularized Stochastic Online Learning“,"und S. J. Wright, S.Lee",article,und2012g,,,,,13,In: Journal of Machine Learning Research,,,,,,,,,,,,,
121,New York,,,2013,Springer,Mathematical Methodologies in Pattern Recognition and Machine,„Stochastic Subgradient Estimation Training for Support Vector Ma- chines“,"und S. J. Wright, S.Lee",inproceedings,und2013i,,"Learning. Hrsg. von P. Latorre Carmona, J. S. Sánchez und A. L. Fred. Bd. 30.",,,,,,,,,,,,,,,Springer Proceedings in Mathematics & Statistics.,,
122,,,,2012,,,„LIN28B induces neuroblastoma and enhances MYCN levels via let-7 sup- pression“,"Molenaar, J.J.",article,molenaar2012a,,,,11,44,In: Nature Genetics,,,,,,,true,,,,,,
123,,,,2013,,,„Spatio-Temporal Random Fields: Compressible Represen- tation and Distributed Estimation“,"Piatkowski, N. and und K. Morik, S.Lee",article,piatkowski2013b,,"Hrsg. von H. Blockeel, K. Kersting, S.",,1,93,In: Machine Learning Journal,S.,"Zelezny,",Nijssen und F,,,,,,,,,,
124,,,,2013-01,,,„Identifying Transcriptional miRNA Biomarkers by Integrating High-Throughput Sequencing and Real-Time PCR Data“. In: Methods 59.1,"Rahmann, S. and Martin, M. and Schulte, J.H. and Köster, J. and und A. Schramm, T.Marschall",misc,rahmann2013a,,,,,,,,,,,,,,,,,,,
125,,,,2011,,,„Fast-Ensembles of Minimum Redundancy Feature Selection“. In: En- sembles in Machine Learning Applications. Hrsg,"und K. Morik, B.Schowe",article,und2011d,,"O. Okun, G.",,,,Re. Studies in Computational Intelligence. Springer,,,Valentini und M,,,,,,,von,,,
126,,,,2012,,,„Exon-level expression analyses identify MYCN and NTRK1 as major determinants of alternative exon usage and robustly predict primary neuroblastoma outcome“,"Schramm, A.",article,schramm2012a,,,,8,107,In: British Journal of Cancer,,,,,,,true,,,,,,
127,,,,2013,,,„Next-generation RNA sequencing reveals diﬀerential expression of MYCN target genes and suggests the mTOR pathway as a promising therapy target in MYCN-ampliﬁed neuroblastoma“,"Schramm, A.",article,schramm2013a,,,,3,132,In: International Journal of Cancer,,,,,,,true,,,,,,
128,In,,,2013,Oncogene 32.8,,„MYCN and ALKF1174L are suﬃcient to drive neuroblastoma development from neural crest progenitor cells“,"Schulte, J.H.",book,schulte2013a,,,,,,,,,,,,,true,,,,,,Andere Veröﬀentlichungen
129,TU Dortmund,,May,2013,,,Preprocessing of Aﬀymetrix Exon Expression Arrays. Techn. Ber. 3,"und A. Schramm, S.Lee",misc,und2013j,,,,,,,,,,,,,,,,,,,
130,,,,2010,,,„The Energy Spectrum of Atmospheric Neutrinos between,"Abbasi, R. and Rhode, W.",article,abbasi2010a,,,,,34,In: Astroparticle Physics,,,TeV with the AMANDA-II Detector,,,,true,,,,,,
131,,,,2013,,,Becker Tjus. „PROPOSAL: A tool for propagation of charged leptons“,"Koehne, J.-H. and Frantzen, K. and Schmitz, M. and Fuchs, T. and Rhode, W. and und J, D.Chirkin",article,koehne2013a,,,,,184,In: Computer Physics Communications,,,,,,,,,,,,,
132,,,,2013,,,Blobel und W. Rhode. „Solving inverse problems with the unfolding program TRUEE: Examples in astroparticle physics“,"Milke, N. and Doert, M. and Klepser, S. and Mazin, D. and V.",article,milke2013a,,,,,697,In: Nuclear Instruments and Methods in Physics Research A,,,,,,,,,,,,,
133,,,May,2013,,Proceedings of the 33rd International Cosmic Ray Conference,„Measurement of the atmospheric νµ spectrum with IceCube 59“,"Ruhe, T.",inproceedings,ruhe2013a,,,,,,,,,,,,,true,,,,,,
134,,,May,2013,CRCPress Book,,Morik und W. Rhode. „Application of RapidMiner in Neutrino Astronomy“. In: RapidMiner: Data Mining Use Cases and Business Analytics Applications. Hrsg,"Ruhe, T. and K.",incollection,ruhe2013b,von M. Hofmann und R. Klinkenberg,,,,,,,,Kap. Feature Selection and Classiﬁcation in Astroparticle Physics and in Medical Domains,,,,,,,,,,
135,,,May,2011,,,Morik und W. Rhode. „Data Mining Ice Cubes“. In: Astronomical Data Analysis Software and Systems. Hrsg,"Ruhe, T. and K.",misc,ruhe2011a,,C. e. a. Gabriel.,,,,,,,,,,,,,,von,,,
136,,,May,2011,,,Morik und B. Schowe. „Data Mining on Ice“. In: Procs. of the Workshop on Astrostatistics and Data Mining in Large Astronomical Databases. Hrsg,"Ruhe, T. and K.",misc,ruhe2011b,"von L. Sarro and Jones, C.Bailer- and Eyer, L.",J. de Ridder.,W. O’Mullane und,,,,,,,,,,,,,,,,
137,,,May,2013,,Proceedings of the 33rd International Cosmic Ray Conference,„DSEA: A data mining approach to unfolding“,"Ruhe, T. and Schmitz, M. and und M. Wornowizki, T.Voigt",inproceedings,ruhe2013c,,,,,,,,,,,,,,,,,,,
138,,,,2013,,,„Periodicity detection in irregularly sampled light curves by robust regression and outlier detection“,"Thieler, A.M. and Backes, M. and und W. Rhode, R.Fried",article,thieler2013a,,,,,6,In: Statistical Analysis and Data Mining,,,,,,,,,,,,,
139,,,May,2013,Andere Veröﬀentlichungen,Proceedings of the ECDA,„Distance based Feature Construction in a setting of astronomy“,"und R. Fried, T.Voigt",inproceedings,und2013k,,"Hrsg. von B. Lausen, S. Krolak-Schwerdt und M. Boehmer. Springer,",,,,,,,,,,,,,,,,,
140,,,May,2013,,,„The talkative AGN next door“. Diss,"Doert, M.",incollection,doert2013a,,,,,,,,,"TU Dortmund,",,,,,,,,,,
141,"Diss. Dortmund, Germany",,May,2013,TU Dortmund,,„Data Mining on the Rocks - A measurement of the atmospheric neutrino ﬂux using IceCube in the 59-string conﬁguration and a novel data mining based approach to unfolding“,"Ruhe, T.",book,ruhe2013d,,,,,,,,,,,,,,,,,,,
142,,,May,2012,,Statistical Applications in Genetics and Molecular Biology 11.4,„Cluster-localized sparse logistic regression for SNP data“,,incollection,h2012a,,,,,,,,,,,,,,,,,,,
143,,,,2012,,,„Solving The Minimum String Cover Problem“,"Canzar, S. and Marschall, T. and und C. Schwiegelshohn, S.Rahmann",article,canzar2012a,,,,,,"In: Proceedings of the SIAM Meeting on Algorithm Engineering and Experiments, ALENEX",,,,,,,,,,,,,
144,,,,2011,,,„Nonparametric Bayesian Networks (mit Diskussion)“. In: Bayesian Statistics,"Ickstadt, K. and Bornkamp, B. and Grzegorczyk, M. and Wieczorek, J. and Sheriﬀ, M. and und E. Zamir, H.E.Grecco",article,ickstadt2011a,von J. M. Ber,"nardo, M. J. Bayarri, J. O. Berger, A. P. Dawid, D. Heckerman, A. F. M.",,,,Smith und M. West. Bd,,,,,,,,,,,,,
145,,,May,2014,,,„Unimodal regression using Bernstein-Schoenberg- splines and penalties“. In: Biometrics (erscheint demnächst),"Köllmann, C. and und K. Ickstadt, B.Bornkamp",misc,koellmann2014a,,,,,,,,,,,,,,,,,,,
146,,,,2012,,,„Optimal strategies for sequential validation of signiﬁcant features from high-dimensional genomic data“,"Lohr, M. and Köllmann, C. and Freis, E. and Hellwig, B. and Hengstler, J.G. and und J. Rahnenführer, K.Ickstadt",article,lohr2012a,,,,8-10,75,"In: Journal of Toxicology and Environmental Health, Part A",,,,,,,,,,,,,
147,,,,2011,,,„Testing SNPs and sets of SNPs for importance in association studies“,"Schwender, H. and und K. Ickstadt, I.Ruczinski",article,schwender2011a,,,,1,12,In: Biostatistics,,,,,,,,,,,,,
148,,,May,2012,,,„Distinct SNP combinations confer susceptibility to urinary bladder cancer in smokers and non- smokers“. In: Plos One 7.12,"Schwender, H. and Selinski, S. and Blaszkewicz, M. and Marchan, R. and Ickstadt, K. and und J. G. Hengstler, K.Golka",misc,schwender2012a,,,,,,,,,,,,,,,,,,,
149,,,,2011,Andere Veröﬀentlichungen,Proceedings of the 43rd ACM Symposium on Theory of Computing STOC 2011,„Subspace embeddings for the ℓ1-norm with applications“,"und D. P. Woodruﬀ, C.Sohler",inproceedings,und2011e,,,,,,,,,,,,,,,,,,,
150,TU Dortmund,,May,2014,,,Random projections for Bayesian regression,"Geppert, L. and Ickstadt, K. and und C. Sohler, A.Munteanu",article,geppert2014a,,,,,4,Techn. Ber,,,,,,,,,,,,,
151,TU Dortmund,,May,2012,,,„Vergleich von Methoden zur Dimensionsreduktion unter Berücksichtigung der Rechen- zeit und des Speicherbedarfs“. Bachelorarbeit,"Jabs, V.",misc,jabs2012a,,,,,,,,,,,,,,,,,,,
152,,,May,2014,,,Demixing empirical distribution functions. Techn. Ber. 2,"und M. Wornowizki, A.Munteanu",incollection,und2014c,,,,,,,,,"TU Dortmund,",,,,,,,,,,
153,,,May,2014,,,Logistic Regression for Datastreams. Techn. Ber. 1,"und C. Sohler, C.Schwiegelshohn",incollection,und2014d,,,,,,,,,"TU Dortmund,",,,,,,,,,,
154,,,,2013,,,"Aaij und andere (inkl. Spaan, B.) „Measurement of the B0– ¯B0 oscillation frequency ∆md with the decays B0 → D−π+ and B0 →",R.,article,r2013a,,,,,719,J ψK∗0“. In: Phys. Lett,,,,,,,,,,,,,
155,,,,2013,,,"Aaij und andere (inkl. Spaan, B.) „Measurement of the time-dependent CP asymmetry in B0 → J/ψK0 S decays“",R.,article,r2013b,,,,,721,In: Phys. Lett,,,,,,,,,,,,,
156,,,,2008,,,"und andere (inkl. Spaan, B.) „The LHCb detector at the LHC“","Alves, Jr, A.A.",article,alves2008a,,,,,3,In: Journal of Instrumentation (JINST),,,,,,,,,,,,,
157,"Brisbane, Australia",,,2013-04,,Proc. of the 29th IEEE Int’l Conference on Data Engineering (ICDE),„Main-Memory Hash Joins on Multi-Core CPUs: Tuning to the Underlying Hardware“,"Balkesen, C. and Teubner, J. and und M. T. Özsu, G.Alonso",incollection,balkesen2013a,,,,,,,,,,,,,,,,,,,
158,,,,2009-08,,Proc. of the VLDB Endowment 2.1,„Streams on Wires—A Query Compiler for FPGAs“,"Müller, R. and und G. Alonso, J.Teubner",incollection,mueller2009a,,,,,,,,,,,,,,,,,,,
159,,,,2012-08,,"Proc. of the 18th ACM SIGKDD Int’l Conference on Knowledge Discovery and Data Mining (KDD). Beijing, China",„Eﬃcient Frequent Item Counting in Multi-Core Hardware“,"Roy, P. and und G. Alonso, J.Teubner",incollection,roy2012a,,,,,,,,,,,,,,,,,,,
160,,,May,2013,Dez,,Woods und C. Nie. „XLynx - An FPGA-Based XML Filter for Hybrid XQuery Processing“,"Teubner, J. and L.",article,teubner2013a,,,,4,38,In: ACM Transactions on Database Systems (TODS),,,,,,,,,,,,,
161,"Seattle, WA, USA",,,2013-04,,,„Parallel Computation of Skyline Queries“. In: 21st IEEE Annual Int’l Symposium on Field-Programmable Custom Computing Machines (FCCM),"Woods, L. and und J. Teubner, G.Alonso",misc,woods2013a,,,,,,,,,,,,,,,,,,,
162,,,May,2010-09,Andere Veröﬀentlichungen,Proc. of the VLDB Endowment (PVLDB),„Complex Event Detection at Wire Speed with FPGAs“,"Woods, L. and und G. Alonso, J.Teubner",incollection,woods2010a,,,,1,3,,,,,,,,,,,,,,
163,,,May,2010,,,"Sauerbrey und andere (inkl. Spaan, B.) The Beam Conditions Monitor of the LHCb Experiment","Ilgner, C. and Lieng, M. and Domke, M. and Nedos, M. and J.",misc,ilgner2010a,,,,,,,,,,,,,,,,,,,
164,,,May,2008,TU Dortmund,,Implementierung and Test eines FPGA-Designs für die Level-1-Frontend- Elektronik des Äusseren Spurkammersystems im LHCb-Detektor“. Diss,"„Entwicklung, M. Nedos.",book,m2008a,,,,,,,,,,,,,,,,,,,
165,,,May,2011,,,„First measurement of the inclusive φ meson production cross section in,"Schleich, S.",incollection,schleich2011a,,,,,,,,,collisions at √s = 7 TeV and search for CP-violation in the Bs → φφ decay at LHCb,,,,,,,,,,
